CLIENTNUM;Origination_Date;Education_Level;Marital_Status;Income_Category;Card_Category;Customer_Age;Months_on_book;Test_Indicator;Pre_Campaign_Sale;Campaign_Sale;Post_Campaign_Sale
711092658;5/3/2014;Doctorate;Married;$40K - $60K;Blue;39;26;Control;559;550;550
710528583;2/22/2015;Uneducated;Married;;Blue;26;16;Test;508;506;506
710362233;3/20/2013;Graduate;Single;$40K - $60K;Blue;48;40;Test;2749;2346;2346
709316433;10/6/2013;Graduate;Married;Less than $40K;Blue;52;33;Test;336;272;272
709013208;7/13/2013;Unknown;Single;$80K - $120K;Blue;40;36;Test;2829;2361;2361
708558408;12/5/2013;Post-Graduate;Married;$80K - $120K;Blue;50;31;Test;628;750;750
710262408;7/2/2013;Unknown;Married;Less than $40K;Blue;29;36;Test;2458;2690;2690
711283008;7/9/2013;Uneducated;Married;$120K +;Platinum;50;36;Test;3055;3443;3443
708580908;6/12/2013;Unknown;Single;$40K - $60K;Blue;56;37;Test;397;232;232
709965858;3/6/2014;High School;Unknown;$40K - $60K;Blue;46;28;Test;834;1028;1028
711252258;7/12/2013;Uneducated;Married;$80K - $120K;Blue;54;36;Test;991;781;781
709977933;11/15/2012;Graduate;Married;;Blue;52;44;Control;1614;1295;1295
708637758;6/3/2013;College;Married;$60K - $80K;Blue;49;37;Test;569;728;728
710888883;7/14/2013;Uneducated;Unknown;Less than $40K;Blue;37;36;Test;824;966;966
710248233;2/28/2014;College;Single;;Blue;37;28;Test;660;542;542
710497608;7/23/2013;Unknown;Single;$80K - $120K;Blue;38;36;Test;447;277;277
709883883;9/20/2013;College;Single;;Blue;46;34;Test;1598;1374;1374
711320508;6/23/2012;Uneducated;Unknown;Less than $40K;Silver;57;49;Test;316;314;314
710538183;1/18/2013;Uneducated;Unknown;Less than $40K;Blue;53;42;Test;724;846;846
710771433;7/20/2013;Unknown;Single;Less than $40K;Blue;48;36;Test;2554;2457;2457
709836258;2/8/2013;Unknown;Married;$60K - $80K;Blue;45;41;Test;929;1010;1010
711256908;3/3/2014;Post-Graduate;Single;$80K - $120K;Silver;39;28;Test;545;910;910
709453833;3/8/2013;Unknown;Single;Less than $40K;Blue;48;40;Test;737;623;623
709703433;4/27/2013;Graduate;Single;$40K - $60K;Blue;47;38;Test;211;375;375
710744433;5/24/2013;Graduate;Married;$60K - $80K;Blue;48;38;Test;810;932;932
709309308;6/17/2013;High School;Single;Less than $40K;Blue;50;37;Control;400;414;414
710307933;6/26/2014;Unknown;Married;Less than $40K;Blue;32;24;Test;350;533;533
711112683;7/5/2013;Uneducated;Married;$80K - $120K;Blue;63;36;Test;183;165;165
708600033;4/9/2013;High School;Married;$60K - $80K;Silver;46;39;Test;969;1197;1197
708869283;1/27/2013;Graduate;Divorced;$60K - $80K;Blue;50;41;Test;991;813;813
709408983;1/1/2013;Graduate;Single;;Blue;54;42;Test;1018;1055;1055
709204158;6/27/2014;Post-Graduate;Married;Less than $40K;Silver;36;24;Test;383;539;539
710923533;12/19/2013;Graduate;Single;$40K - $60K;Blue;38;31;Test;2805;2703;2703
710529708;7/23/2013;Graduate;Married;Less than $40K;Blue;41;36;Test;2598;2391;2391
708249708;4/9/2013;Unknown;Married;Less than $40K;Blue;48;39;Test;285;324;324
708244458;7/31/2013;Graduate;Married;$80K - $120K;Blue;47;35;Test;841;460;460
711070683;5/27/2013;Graduate;Single;$80K - $120K;Blue;48;37;Test;3041;2454;2454
711298458;4/26/2014;Post-Graduate;Single;$120K +;Silver;39;26;Control;536;433;433
710039208;3/24/2013;High School;Married;$80K - $120K;Blue;57;40;Test;513;645;645
709015833;7/18/2013;Graduate;Single;$80K - $120K;Silver;42;36;Test;2672;2390;2390
710810883;7/12/2013;College;Single;;Blue;39;36;Test;2932;2514;2514
709206333;1/3/2014;Unknown;Unknown;$80K - $120K;Blue;44;30;Control;287;285;285
711210633;1/14/2013;Graduate;Married;Less than $40K;Blue;51;42;Test;1611;1382;1382
711102858;7/12/2013;College;Married;$40K - $60K;Silver;48;36;Control;515;323;323
710518308;8/8/2013;Unknown;Single;Less than $40K;Blue;54;35;Test;1096;764;764
708341958;10/13/2014;College;Married;Less than $40K;Blue;31;21;Test;1017;693;693
708856983;4/14/2014;Unknown;Divorced;$60K - $80K;Blue;36;27;Control;169;140;140
710439483;4/2/2013;Unknown;Married;Less than $40K;Blue;51;39;Test;995;638;638
711062958;8/13/2014;Uneducated;Single;$60K - $80K;Blue;43;23;Test;781;735;735
710620383;8/6/2013;Unknown;Single;$60K - $80K;Blue;43;35;Test;197;147;147
710729358;12/25/2013;High School;Unknown;;Blue;40;30;Control;431;437;437
708596283;8/9/2014;Graduate;Single;$80K - $120K;Blue;35;23;Test;513;700;700
710111733;4/10/2013;Graduate;Married;Less than $40K;Blue;48;39;Test;327;257;257
708822783;7/7/2013;Graduate;Married;$60K - $80K;Blue;53;36;Test;822;1354;1354
708876183;12/20/2012;Graduate;Married;Less than $40K;Blue;51;43;Test;966;638;638
709329558;9/15/2013;Unknown;Single;$40K - $60K;Blue;49;34;Test;827;1031;1031
711402333;6/9/2013;Graduate;Married;$80K - $120K;Blue;47;37;Test;182;418;418
708967608;10/18/2012;High School;Married;$80K - $120K;Blue;53;45;Test;198;315;315
708482658;11/27/2013;Graduate;Married;Less than $40K;Blue;41;31;Test;3061;2746;2746
708450033;6/2/2015;High School;Divorced;$80K - $120K;Blue;43;13;Test;1018;868;868
710622333;3/12/2014;College;Married;$80K - $120K;Blue;39;28;Test;723;1077;1077
708099183;7/19/2013;Post-Graduate;Single;$120K +;Blue;37;36;Test;426;547;547
710677608;6/26/2013;Graduate;Unknown;$80K - $120K;Blue;53;36;Test;260;267;267
709467183;3/19/2013;Unknown;Married;$80K - $120K;Blue;56;40;Test;2861;3157;3157
709788783;8/19/2013;High School;Single;$80K - $120K;Blue;47;35;Test;745;1044;1044
709888383;7/6/2013;Graduate;Unknown;$40K - $60K;Blue;47;36;Test;915;854;854
709556208;2/21/2014;Uneducated;Single;$40K - $60K;Blue;40;28;Test;1411;1672;1672
709200633;6/5/2012;Graduate;Single;$120K +;Blue;55;49;Test;1116;1480;1480
710241858;11/29/2013;High School;Single;Less than $40K;Blue;39;31;Test;505;311;311
710932683;7/4/2013;High School;Married;Less than $40K;Gold;55;36;Test;754;651;651
710990283;7/7/2013;Graduate;Single;$40K - $60K;Blue;56;36;Test;350;375;375
708968733;4/29/2013;Doctorate;Single;$80K - $120K;Blue;47;38;Test;1342;1565;1565
710532258;7/19/2013;Unknown;Single;$60K - $80K;Blue;48;36;Test;926;775;775
710966433;7/23/2013;Graduate;Married;$40K - $60K;Blue;50;36;Test;851;923;923
710067183;7/22/2013;Uneducated;Married;$40K - $60K;Blue;28;36;Test;365;433;433
709868433;9/30/2013;Graduate;Divorced;Less than $40K;Blue;43;33;Test;928;907;907
708267858;6/29/2013;College;Married;$60K - $80K;Blue;65;36;Test;296;305;305
710821833;1/13/2012;Unknown;Married;$60K - $80K;Blue;65;54;Test;27;329;329
708241233;8/4/2012;Post-Graduate;Married;$40K - $60K;Blue;52;47;Control;127;131;131
708347583;7/15/2013;Uneducated;Married;$40K - $60K;Blue;37;36;Test;400;310;310
708469533;9/12/2013;College;Married;Less than $40K;Blue;;34;Test;654;503;503
709075533;11/8/2013;Unknown;Married;$80K - $120K;Blue;41;32;Control;1266;1764;1764
709175208;12/25/2012;Graduate;Married;$40K - $60K;Blue;50;43;Test;934;969;969
709714008;3/28/2013;Graduate;Single;$80K - $120K;Blue;50;39;Control;484;458;458
708502908;7/7/2012;Graduate;Married;$80K - $120K;Blue;61;48;Test;591;980;980
708753633;11/16/2013;Uneducated;Single;$40K - $60K;Blue;45;32;Test;1029;806;806
709363383;6/29/2013;Uneducated;Single;$60K - $80K;Blue;34;36;Test;396;516;516
708697983;6/18/2012;High School;Married;Less than $40K;Blue;56;49;Test;1819;1727;1727
711334983;11/9/2013;High School;Single;Less than $40K;Blue;41;32;Control;366;650;650
711154908;3/17/2013;High School;Married;;Blue;59;40;Test;751;528;528
709627983;7/23/2013;Uneducated;Married;Less than $40K;Blue;56;36;Test;799;1085;1085
711310908;7/7/2013;Uneducated;Married;$80K - $120K;Blue;53;36;Test;345;436;436
710849208;8/13/2013;Unknown;Married;$60K - $80K;Blue;47;35;Test;2809;2507;2507
708338958;7/14/2013;High School;Divorced;;Blue;58;36;Test;120;267;267
710657508;7/14/2013;Unknown;Married;Less than $40K;Blue;32;36;Test;898;635;635
710650608;6/29/2013;College;Married;$40K - $60K;Blue;51;36;Test;694;858;858
709488108;7/22/2013;High School;Married;$40K - $60K;Blue;42;36;Control;853;1217;1217
710540883;7/5/2014;Unknown;Married;Less than $40K;Blue;37;24;Test;403;440;440
709615458;11/8/2012;High School;Divorced;Less than $40K;Blue;54;44;Test;503;484;484
708680583;7/3/2013;Graduate;Married;;Blue;53;36;Test;2766;2858;2858
710563458;1/12/2014;Post-Graduate;Married;$80K - $120K;Blue;43;30;Test;882;1248;1248
711272058;3/12/2014;Doctorate;Married;;Silver;40;28;Test;910;675;675
708735183;9/6/2014;Doctorate;Married;$80K - $120K;Blue;35;22;Test;1018;357;357
710958933;8/22/2013;Doctorate;Married;Less than $40K;Blue;43;35;Control;442;387;387
711278283;5/5/2012;Graduate;Married;Less than $40K;Blue;61;50;Test;883;794;794
711278283;5/11/2012;High School;Married;$40K - $60K;Blue;61;50;Test;817;1280;1280
708553008;7/2/2013;High School;Married;Less than $40K;Blue;38;36;Test;817;1280;1280
708217758;6/26/2012;Unknown;Divorced;$40K - $60K;Gold;63;49;Test;922;1089;1089
709455108;10/21/2013;Uneducated;Single;Less than $40K;Blue;49;33;Test;253;238;238
710678658;7/14/2013;Uneducated;Single;;Blue;47;36;Test;1002;511;511
708870408;12/16/2012;Graduate;Single;Less than $40K;Blue;53;43;Test;602;399;399
709346133;8/13/2013;Graduate;Married;$80K - $120K;Blue;55;35;Test;871;553;553
711275433;7/13/2013;High School;Single;$60K - $80K;Blue;47;36;Control;231;284;284
708620283;6/5/2014;College;Divorced;Less than $40K;Blue;35;25;Test;346;512;512
710962308;6/26/2013;Graduate;Divorced;Less than $40K;Blue;57;36;Test;483;515;515
711208083;12/31/2013;Uneducated;Married;$60K - $80K;Silver;40;30;Test;909;1021;1021
710839308;10/5/2014;Unknown;Married;;Blue;34;21;Test;655;1124;1124
708626058;9/17/2013;College;Single;$80K - $120K;Silver;49;34;Test;673;729;729
710622333;3/12/2014;High School;Single;;Blue;39;28;Test;571;526;526
708123033;1/17/2014;High School;Married;;Blue;41;30;Test;723;1077;1077
708160008;10/10/2013;High School;Married;$120K +;Blue;44;33;Test;2345;1960;1960
709376508;6/4/2012;High School;Single;$60K - $80K;Blue;58;49;Test;1554;1243;1243
709591533;5/13/2013;Graduate;Divorced;$80K - $120K;Blue;46;38;Test;523;249;249
711298458;4/23/2014;Doctorate;Married;Less than $40K;Blue;39;26;Control;1047;268;268
709487058;6/30/2013;Post-Graduate;Single;Less than $40K;Blue;51;36;Test;536;433;433
708733983;7/8/2013;High School;Married;;Blue;50;36;Control;896;735;735
708923658;2/25/2014;Uneducated;Single;$60K - $80K;Blue;41;28;Test;335;530;530
709516458;8/24/2014;Unknown;Single;Less than $40K;Blue;30;22;Test;727;886;886
710668458;7/15/2013;Graduate;Married;Less than $40K;Blue;48;36;Test;528;533;533
708644208;8/30/2013;Uneducated;Single;$60K - $80K;Blue;39;34;Test;538;667;667
710674533;9/1/2013;Uneducated;Married;Less than $40K;Blue;46;34;Control;543;656;656
708969633;7/16/2013;Graduate;Single;$80K - $120K;Blue;42;36;Test;414;263;263
710081208;11/11/2013;Graduate;Single;Less than $40K;Blue;52;32;Control;725;1224;1224
708693558;5/16/2013;Graduate;Married;;Blue;50;38;Test;1622;1169;1169
711245433;1/29/2013;Graduate;Single;$80K - $120K;Blue;50;41;Control;1459;1621;1621
709707033;10/30/2013;High School;Unknown;;Blue;45;32;Control;382;434;434
708500883;3/10/2013;Graduate;Single;Less than $40K;Blue;48;40;Test;194;317;317
708947208;2/8/2015;Post-Graduate;Married;Less than $40K;Blue;36;17;Test;1773;1499;1499
708637758;6/19/2013;Graduate;Married;$80K - $120K;Blue;49;37;Test;476;377;377
710023233;7/13/2013;Graduate;Unknown;;Blue;36;36;Test;569;728;728
709730508;3/24/2014;Graduate;Married;Less than $40K;Blue;39;27;Test;486;447;447
709913733;7/21/2013;Graduate;Married;$40K - $60K;Blue;39;36;Test;392;226;226
708723858;6/9/2013;Graduate;Single;Less than $40K;Blue;48;37;Test;261;267;267
708828258;6/20/2013;Graduate;Married;;Blue;55;37;Test;1046;509;509
708173433;5/11/2015;Unknown;Single;$80K - $120K;Blue;26;14;Test;383;278;278
711183558;4/17/2013;High School;Married;$120K +;Blue;49;39;Test;397;476;476
710295858;11/3/2013;College;Single;Less than $40K;Blue;43;32;Test;1588;1540;1540
709245783;4/2/2014;Post-Graduate;Married;$40K - $60K;Blue;44;27;Test;1785;1336;1336
709307808;7/6/2013;Uneducated;Single;$60K - $80K;Silver;59;36;Control;868;779;779
710590683;6/29/2013;College;Married;$40K - $60K;Blue;33;36;Control;457;463;463
710912733;6/27/2013;Graduate;Divorced;Less than $40K;Silver;44;36;Test;1622;1321;1321
709161108;10/5/2013;Graduate;Single;$60K - $80K;Silver;44;33;Control;705;906;906
711329658;5/30/2015;High School;Married;Less than $40K;Blue;30;13;Test;415;324;324
709339758;12/30/2013;Unknown;Married;$80K - $120K;Blue;43;30;Test;421;344;344
710161083;7/21/2013;Graduate;Married;$80K - $120K;Blue;62;36;Control;649;428;428
709250508;11/19/2011;High School;Single;$40K - $60K;Blue;63;56;Test;1089;2594;2594
709932558;5/18/2014;College;Single;Less than $40K;Blue;39;26;Test;1013;828;828
708897408;7/18/2013;College;Unknown;$120K +;Blue;46;36;Test;479;255;255
711144183;10/12/2012;Doctorate;Married;$40K - $60K;Blue;55;45;Control;976;1161;1161
710545158;7/23/2013;High School;Married;Less than $40K;Blue;42;36;Test;447;681;681
709972908;6/8/2014;High School;Unknown;$40K - $60K;Blue;38;25;Test;543;623;623
709426608;9/1/2012;Doctorate;Married;Less than $40K;Blue;56;46;Test;967;545;545
708331758;8/17/2013;High School;Married;;Blue;47;35;Test;355;293;293
709741608;7/2/2013;Graduate;Unknown;;Blue;51;36;Test;419;636;636
711243108;7/14/2013;Graduate;Single;Less than $40K;Blue;50;36;Test;753;855;855
708445608;6/15/2013;Post-Graduate;Single;$80K - $120K;Silver;48;37;Test;798;592;592
711093408;10/17/2013;Graduate;Married;$80K - $120K;Blue;46;33;Test;130;300;300
710758683;7/16/2012;Graduate;Married;Less than $40K;Blue;61;48;Test;405;367;367
711046383;7/21/2013;Graduate;Single;$120K +;Silver;55;36;Test;1043;922;922
708295533;11/25/2011;High School;Married;$40K - $60K;Blue;65;56;Test;2062;2446;2446
710026458;7/5/2013;Post-Graduate;Married;$80K - $120K;Blue;34;36;Test;578;595;595
709614333;6/28/2013;Graduate;Single;$80K - $120K;Blue;59;36;Test;447;159;159
709058808;6/30/2013;Unknown;Unknown;Less than $40K;Blue;56;36;Test;2584;2230;2230
709813008;8/7/2013;Post-Graduate;Single;$40K - $60K;Blue;44;35;Test;895;1044;1044
711032058;10/12/2014;Doctorate;Married;Less than $40K;Blue;34;21;Test;280;296;296
708928908;8/2/2014;Graduate;Married;$40K - $60K;Blue;39;23;Test;887;769;769
710881008;2/6/2014;Graduate;Unknown;;Blue;42;29;Test;435;522;522
709919283;8/30/2013;High School;Married;;Blue;54;34;Test;803;765;765
711288558;3/9/2014;Post-Graduate;Married;$80K - $120K;Blue;45;28;Test;639;376;376
711175083;2/6/2013;Unknown;Single;$40K - $60K;Blue;54;41;Test;178;233;233
711240108;12/18/2013;High School;Married;$60K - $80K;Blue;41;31;Test;767;841;841
708445608;5/28/2013;College;Single;$40K - $60K;Blue;48;37;Test;814;475;475
709523508;2/27/2012;High School;Divorced;$40K - $60K;Blue;65;53;Test;876;714;714
709157133;9/6/2013;Uneducated;Married;$80K - $120K;Blue;39;34;Test;405;367;367
708928908;8/5/2014;Uneducated;Single;$60K - $80K;Blue;39;23;Test;763;946;946
710814633;12/10/2013;Uneducated;Married;;Blue;49;31;Test;349;325;325
708708858;7/9/2013;Graduate;Single;$60K - $80K;Blue;50;36;Control;803;765;765
709173108;3/18/2013;Unknown;Married;$40K - $60K;Blue;54;40;Control;1747;1556;1556
711221958;4/26/2014;Uneducated;Married;$60K - $80K;Blue;43;26;Control;445;381;381
709986633;7/15/2013;College;Unknown;;Blue;29;36;Test;108;202;202
708826158;3/25/2014;Graduate;Married;$40K - $60K;Blue;45;27;Test;460;583;583
708414033;5/3/2013;Graduate;Single;$120K +;Blue;50;38;Test;372;334;334
711302883;9/6/2012;Graduate;Married;$60K - $80K;Blue;50;46;Test;1480;2000;2000
709220583;10/13/2014;Uneducated;Married;$80K - $120K;Silver;34;21;Test;643;484;484
711234783;3/14/2014;Graduate;Married;$40K - $60K;Blue;44;28;Control;973;743;743
708668283;9/10/2014;High School;Single;Less than $40K;Blue;39;22;Test;351;459;459
711334983;10/25/2013;High School;Married;$60K - $80K;Gold;41;32;Control;511;503;503
709100283;4/27/2014;High School;Married;$60K - $80K;Blue;36;26;Control;417;330;330
710464683;10/31/2013;College;Married;$40K - $60K;Blue;45;32;Test;366;650;650
711367308;12/11/2014;Graduate;Married;Less than $40K;Blue;37;19;Test;469;507;507
708434733;5/22/2012;Post-Graduate;Married;$40K - $60K;Blue;56;50;Test;999;1056;1056
709307808;7/13/2013;Graduate;Single;;Blue;59;36;Control;514;380;380
709485033;7/5/2013;Graduate;Single;$60K - $80K;Blue;55;36;Test;513;205;205
708805908;12/30/2014;High School;Married;$80K - $120K;Blue;30;18;Control;457;463;463
708942408;7/16/2013;Graduate;Single;$60K - $80K;Blue;46;36;Test;186;279;279
709531908;8/24/2012;College;Single;Less than $40K;Blue;53;47;Test;1319;1568;1568
710153583;5/27/2015;Uneducated;Single;$60K - $80K;Blue;30;13;Control;3084;2844;2844
709955958;10/5/2013;Doctorate;Divorced;;Blue;41;33;Test;185;389;389
711249858;5/10/2013;Graduate;Divorced;$80K - $120K;Blue;49;38;Control;1420;1743;1743
711199908;1/18/2014;High School;Single;$60K - $80K;Blue;41;30;Test;620;681;681
710628783;7/11/2013;Graduate;Single;$60K - $80K;Blue;38;36;Test;859;593;593
710244108;9/13/2013;Graduate;Single;$40K - $60K;Blue;44;34;Test;669;408;408
709265208;6/22/2013;Graduate;Married;Less than $40K;Blue;47;37;Test;312;278;278
711110733;9/30/2013;High School;Single;$60K - $80K;Blue;45;33;Test;2673;1851;1851
708997833;4/15/2013;Graduate;Single;Less than $40K;Blue;49;39;Test;137;248;248
710035008;7/5/2014;Uneducated;Single;;Blue;31;24;Test;825;781;781
709243533;2/2/2013;Graduate;Married;$40K - $60K;Blue;49;41;Test;674;892;892
709372608;12/3/2013;Unknown;Married;$120K +;Blue;43;31;Test;812;803;803
709700058;9/30/2013;High School;Single;;Blue;52;33;Test;352;520;520
709051533;5/14/2014;High School;Single;$60K - $80K;Silver;46;26;Test;787;775;775
708361833;7/18/2013;High School;Married;$40K - $60K;Blue;44;36;Test;1483;1386;1386
708519108;6/26/2014;Unknown;Single;$40K - $60K;Blue;46;24;Control;759;519;519
708829758;7/16/2013;College;Married;Less than $40K;Blue;41;36;Test;823;1017;1017
710155158;1/3/2015;Graduate;Single;Less than $40K;Blue;37;18;Control;630;581;581
710769258;3/27/2014;Doctorate;Single;;Blue;40;27;Test;488;555;555
709589208;8/20/2013;Unknown;Married;$80K - $120K;Silver;53;35;Test;898;779;779
709411383;6/17/2013;Uneducated;Married;$40K - $60K;Blue;45;37;Test;1321;1845;1845
708976908;7/19/2013;Unknown;Divorced;$80K - $120K;Blue;40;36;Control;796;781;781
708357183;5/14/2013;Graduate;Married;$80K - $120K;Blue;47;38;Test;3134;2284;2284
711100608;7/28/2012;Graduate;Married;$80K - $120K;Blue;55;48;Control;852;566;566
709546608;7/10/2013;High School;Single;;Silver;37;36;Test;482;563;563
708338958;7/18/2013;Unknown;Married;Less than $40K;Blue;58;36;Test;816;465;465
709488108;7/2/2013;High School;Married;$80K - $120K;Blue;42;36;Control;407;423;423
708595158;7/5/2013;Graduate;Married;Less than $40K;Blue;27;36;Test;741;875;875
709311633;7/15/2013;Doctorate;Single;Less than $40K;Blue;41;36;Test;898;635;635
710756133;12/12/2013;Graduate;Married;$80K - $120K;Blue;40;31;Test;403;440;440
710102208;7/18/2013;Unknown;Single;Less than $40K;Blue;56;36;Test;323;417;417
708539583;6/10/2014;High School;Married;;Blue;44;25;Test;249;331;331
710502258;7/5/2013;High School;Divorced;Less than $40K;Blue;39;36;Test;870;652;652
709876008;7/18/2013;Uneducated;Married;Less than $40K;Blue;49;36;Test;839;819;819
709612983;6/26/2013;Post-Graduate;Single;;Blue;41;36;Control;896;789;789
709626858;12/9/2013;Uneducated;Married;;Blue;44;31;Test;842;796;796
709474683;6/11/2015;High School;Divorced;$60K - $80K;Blue;42;13;Test;566;277;277
708216108;11/25/2012;College;Married;$80K - $120K;Blue;56;44;Test;437;613;613
710387583;8/15/2013;High School;Married;Less than $40K;Blue;55;35;Test;672;782;782
708557358;3/3/2014;Graduate;Married;$40K - $60K;Blue;43;28;Test;1327;1572;1572
710023233;7/8/2013;Uneducated;Married;$120K +;Blue;36;36;Test;355;400;400
710370483;12/8/2013;Graduate;Unknown;$60K - $80K;Blue;39;31;Test;404;214;214
711258108;11/19/2012;College;Single;$80K - $120K;Blue;54;44;Test;283;308;308
708960858;10/3/2014;High School;Married;Less than $40K;Blue;40;21;Test;486;447;447
710104908;12/9/2012;College;Married;Less than $40K;Blue;56;43;Test;274;394;394
710490708;7/4/2013;College;Single;Less than $40K;Blue;54;36;Test;387;329;329
709465758;2/27/2012;Graduate;Married;;Blue;62;53;Test;747;731;731
708772308;6/25/2014;Uneducated;Married;$40K - $60K;Blue;41;24;Test;231;317;317
710112933;1/10/2015;College;Single;$60K - $80K;Blue;28;18;Test;479;335;335
708863733;12/13/2014;Graduate;Single;;Blue;35;19;Test;298;218;218
709520058;5/17/2013;Unknown;Single;;Blue;53;38;Control;140;244;244
710893533;1/14/2013;Uneducated;Single;Less than $40K;Blue;53;42;Test;301;338;338
710106933;10/28/2014;Graduate;Married;Less than $40K;Blue;32;20;Test;540;343;343
708421833;7/8/2013;Graduate;Married;$40K - $60K;Blue;45;36;Test;2321;2891;2891
710903358;12/25/2011;Unknown;Married;Less than $40K;Blue;65;55;Test;511;391;391
710636208;3/2/2013;Unknown;Divorced;;Blue;51;40;Test;384;307;307
710555433;6/27/2013;College;Divorced;$40K - $60K;Blue;42;36;Control;2698;2611;2611
709732608;7/1/2013;Unknown;Married;Less than $40K;Blue;41;36;Test;204;299;299
708821733;7/9/2013;High School;Married;$60K - $80K;Blue;43;36;Control;849;768;768
710017758;7/5/2013;Uneducated;Married;$80K - $120K;Blue;44;36;Test;849;485;485
709230708;7/4/2013;High School;Single;$80K - $120K;Blue;56;36;Test;461;520;520
708459633;5/3/2014;Graduate;Divorced;;Blue;38;26;Test;136;255;255
708117933;7/4/2013;Doctorate;Married;$60K - $80K;Blue;44;36;Control;866;882;882
709550958;11/2/2013;High School;Unknown;Less than $40K;Blue;51;32;Test;1581;1573;1573
708620283;6/7/2014;Graduate;Married;$60K - $80K;Blue;35;25;Test;572;857;857
708684108;8/29/2013;Uneducated;Married;$60K - $80K;Blue;46;34;Control;225;218;218
708378108;7/17/2013;Graduate;Single;Less than $40K;Blue;39;36;Test;388;333;333
709459608;7/6/2013;Unknown;Married;$80K - $120K;Silver;47;36;Test;412;709;709
708992733;7/16/2013;Uneducated;Unknown;$80K - $120K;Blue;50;36;Test;120;267;267
711341433;6/28/2014;Graduate;Married;;Blue;34;24;Test;577;781;781
708528483;7/21/2014;High School;Married;$80K - $120K;Blue;43;23;Test;483;515;515
710308983;4/7/2013;High School;Single;Less than $40K;Blue;50;39;Test;477;348;348
708669408;10/25/2012;Post-Graduate;Unknown;$40K - $60K;Blue;54;45;Test;701;1097;1097
709757583;7/10/2013;Uneducated;Single;$60K - $80K;Blue;35;36;Test;1050;1180;1180
708371733;3/20/2015;High School;Married;Less than $40K;Blue;41;15;Test;694;675;675
709469658;7/20/2013;Uneducated;Single;Less than $40K;Blue;47;36;Test;850;777;777
709997958;3/9/2014;Doctorate;Single;Less than $40K;Blue;39;28;Test;213;265;265
708403308;7/5/2014;Unknown;Unknown;$60K - $80K;Blue;37;24;Test;933;847;847
709350783;7/4/2013;Unknown;Single;$60K - $80K;Silver;63;36;Test;965;753;753
708483708;7/13/2013;Graduate;Single;$40K - $60K;Blue;51;36;Test;476;270;270
710533233;1/27/2014;Doctorate;Married;$120K +;Blue;38;29;Control;1030;1083;1083
709505808;9/26/2013;Uneducated;Married;$40K - $60K;Blue;45;33;Control;847;810;810
708344358;9/29/2012;Unknown;Single;$40K - $60K;Blue;53;45;Test;376;498;498
708211383;3/23/2014;High School;Single;$40K - $60K;Blue;35;27;Test;787;343;343
709375158;7/21/2013;Graduate;Married;$40K - $60K;Silver;29;36;Test;1006;1229;1229
709375158;7/12/2013;Graduate;Married;Less than $40K;Blue;29;36;Test;769;1246;1246
709297608;5/9/2014;Uneducated;Married;Less than $40K;Blue;38;26;Control;389;557;557
710475408;5/28/2014;Unknown;Single;Less than $40K;Blue;33;25;Test;434;327;327
708245808;7/17/2013;Graduate;Single;$80K - $120K;Blue;35;36;Test;291;310;310
708913233;3/6/2014;Uneducated;Unknown;Less than $40K;Silver;37;28;Test;655;835;835
709141908;1/30/2013;Graduate;Unknown;Less than $40K;Blue;53;41;Test;870;314;314
709283358;2/1/2014;Uneducated;Married;Less than $40K;Blue;43;29;Control;870;314;314
710188308;2/7/2013;Uneducated;Married;$80K - $120K;Blue;51;41;Test;325;302;302
709886583;3/5/2014;Post-Graduate;Married;$80K - $120K;Blue;37;28;Test;318;371;371
711251133;4/17/2014;Graduate;Divorced;;Blue;37;27;Test;2726;2227;2227
708811233;3/24/2014;Uneducated;Married;$80K - $120K;Blue;37;27;Test;396;350;350
710572458;7/10/2014;Graduate;Married;Less than $40K;Blue;36;24;Test;2961;2752;2752
708378108;7/14/2013;Graduate;Single;Less than $40K;Blue;39;36;Test;428;477;477
708864708;7/22/2013;College;Married;Less than $40K;Blue;46;36;Test;889;1088;1088
708442158;4/29/2013;High School;Married;Less than $40K;Blue;51;38;Test;539;562;562
708816408;11/4/2013;Graduate;Single;$60K - $80K;Blue;41;32;Test;540;629;629
711360783;7/14/2013;Unknown;Married;$80K - $120K;Blue;39;36;Test;450;327;327
709338633;6/5/2013;Uneducated;Single;$80K - $120K;Blue;56;37;Control;186;429;429
709429533;8/3/2013;High School;Single;$80K - $120K;Blue;49;35;Test;701;1097;1097
710879283;2/23/2013;Graduate;Single;$80K - $120K;Blue;51;41;Test;257;211;211
709273383;7/15/2013;College;Single;;Blue;54;36;Test;785;329;329
709199358;7/18/2013;Graduate;Single;Less than $40K;Blue;60;36;Control;543;414;414
709397508;4/16/2013;High School;Married;Less than $40K;Blue;48;39;Test;2752;2677;2677
708692583;12/19/2013;Graduate;Married;$80K - $120K;Blue;44;31;Control;382;274;274
710569233;8/12/2013;Graduate;Married;Less than $40K;Blue;46;35;Test;370;279;279
709668408;7/4/2013;Unknown;Single;;Blue;56;36;Test;946;888;888
710658483;9/6/2013;High School;Married;Less than $40K;Blue;47;34;Control;908;664;664
710086308;5/13/2013;Unknown;Married;Less than $40K;Blue;46;38;Test;427;381;381
709345008;4/10/2013;Graduate;Divorced;$60K - $80K;Blue;53;39;Control;2652;2961;2961
709986633;7/14/2013;Graduate;Married;$40K - $60K;Blue;29;36;Test;437;496;496
708472008;7/17/2013;College;Married;$80K - $120K;Blue;44;36;Test;1621;1907;1907
710229333;10/19/2014;High School;Married;Less than $40K;Blue;38;20;Test;838;948;948
708770883;7/13/2014;High School;Married;Less than $40K;Blue;43;24;Test;312;507;507
709603608;5/24/2014;High School;Married;Less than $40K;Blue;34;25;Test;776;990;990
709967358;7/8/2012;Uneducated;Single;Less than $40K;Blue;57;48;Test;132;123;123
708301683;1/17/2014;High School;Married;$60K - $80K;Blue;40;30;Control;372;334;334
709025583;7/4/2013;Graduate;Married;$60K - $80K;Blue;53;36;Test;1614;1636;1636
709224033;11/29/2012;Unknown;Married;$40K - $60K;Blue;53;43;Control;600;1137;1137
711346383;3/6/2014;Post-Graduate;Divorced;$60K - $80K;Blue;33;28;Test;2250;2652;2652
711000933;2/22/2013;Post-Graduate;Married;;Blue;50;41;Test;878;1172;1172
709327383;6/13/2013;Unknown;Single;;Blue;45;37;Test;42;256;256
710231433;12/8/2012;Graduate;Single;;Blue;56;43;Test;1372;1555;1555
709183683;7/22/2013;Graduate;Single;$80K - $120K;Blue;31;36;Test;430;221;221
709361058;6/28/2014;High School;Single;Less than $40K;Blue;35;24;Test;316;356;356
710038008;7/31/2012;College;Single;$40K - $60K;Blue;56;47;Test;449;591;591
710771433;7/17/2013;High School;Married;;Blue;48;36;Test;733;678;678
710074458;9/17/2013;High School;Married;$120K +;Blue;41;34;Test;84;350;350
708900408;8/12/2013;Graduate;Married;Less than $40K;Blue;52;35;Test;713;448;448
708324483;4/24/2013;Unknown;Married;Less than $40K;Blue;47;39;Test;315;373;373
709411383;6/1/2013;Graduate;Single;$120K +;Blue;45;37;Test;373;200;200
711402333;5/29/2013;Uneducated;Single;Less than $40K;Blue;47;37;Test;256;229;229
710436108;2/18/2014;Graduate;Married;Less than $40K;Blue;41;29;Test;2554;2457;2457
709274583;3/31/2014;High School;Single;$80K - $120K;Blue;40;27;Test;850;981;981
710780883;5/18/2013;High School;Single;Less than $40K;Blue;48;38;Test;528;1423;1423
711397533;2/12/2013;Graduate;Unknown;$60K - $80K;Gold;52;41;Test;850;924;924
708421833;6/26/2013;Unknown;Single;$80K - $120K;Blue;45;36;Test;852;566;566
708551508;6/14/2013;Uneducated;Divorced;$40K - $60K;Blue;51;37;Test;182;418;418
709247808;12/1/2012;Post-Graduate;Single;;Gold;53;43;Test;910;471;471
709914858;7/11/2013;Unknown;Single;Less than $40K;Blue;48;36;Test;714;900;900
709996833;7/11/2013;High School;Married;$60K - $80K;Blue;31;36;Control;1053;538;538
709679658;5/9/2012;College;Single;Less than $40K;Silver;58;50;Test;757;269;269
711160233;11/22/2014;High School;Married;$40K - $60K;Blue;32;19;Test;204;299;299
708908883;10/27/2013;Unknown;Married;$120K +;Blue;37;32;Test;956;798;798
710899833;12/21/2014;Post-Graduate;Married;;Blue;36;18;Control;2782;3141;3141
709494483;1/30/2012;Uneducated;Single;Less than $40K;Blue;63;54;Test;531;953;953
710986758;1/19/2014;Unknown;Married;;Blue;43;30;Test;1510;1299;1299
708480333;6/30/2013;High School;Married;$60K - $80K;Blue;65;36;Test;736;1067;1067
709413933;3/22/2013;High School;Single;;Blue;56;40;Control;2636;2621;2621
709897983;7/8/2014;Doctorate;Married;;Blue;35;24;Test;2081;2277;2277
709436883;7/1/2012;Graduate;Married;$60K - $80K;Blue;56;48;Test;174;159;159
710456658;12/16/2013;Uneducated;Unknown;Less than $40K;Blue;50;31;Test;214;230;230
711351108;6/29/2013;High School;Single;$60K - $80K;Blue;44;36;Test;752;392;392
711388458;7/11/2013;Graduate;Married;$80K - $120K;Blue;45;36;Test;302;303;303
708511983;1/4/2015;Graduate;Married;$60K - $80K;Blue;37;18;Test;282;515;515
708720558;1/10/2014;Graduate;Married;Less than $40K;Blue;44;30;Test;142;196;196
710190858;4/7/2015;Post-Graduate;Single;$60K - $80K;Blue;28;15;Test;486;361;361
708741633;11/20/2012;High School;Single;Less than $40K;Blue;52;44;Test;832;993;993
710150208;5/11/2014;Graduate;Single;Less than $40K;Blue;44;26;Test;995;999;999
710395233;7/1/2013;Unknown;Divorced;;Blue;;36;Test;922;763;763
708811233;4/7/2014;Graduate;Single;Less than $40K;Blue;37;27;Test;1603;1479;1479
711125358;4/23/2013;Graduate;Single;Less than $40K;Blue;45;39;Test;799;553;553
710327508;7/21/2013;Uneducated;Single;$80K - $120K;Blue;44;36;Test;719;765;765
709220583;9/20/2014;College;Single;$40K - $60K;Blue;34;21;Test;2729;2315;2315
709986633;6/30/2013;Uneducated;Married;Less than $40K;Blue;29;36;Test;407;337;337
709044183;4/12/2014;Unknown;Single;$60K - $80K;Blue;47;27;Test;846;609;609
708597558;7/14/2013;Doctorate;Married;$80K - $120K;Blue;42;36;Test;1490;1526;1526
708212658;12/28/2014;High School;Married;$120K +;Blue;38;18;Test;450;327;327
710568333;8/7/2013;High School;Divorced;Less than $40K;Blue;47;35;Test;928;751;751
708964683;7/11/2013;College;Married;;Blue;48;36;Test;717;676;676
708483708;7/4/2013;High School;Married;$120K +;Blue;51;36;Test;351;459;459
708545058;7/11/2013;High School;Unknown;$60K - $80K;Blue;45;36;Test;372;334;334
710611683;12/11/2013;High School;Single;Less than $40K;Blue;43;31;Test;161;202;202
710816358;12/29/2014;High School;Divorced;Less than $40K;Blue;29;18;Test;1079;456;456
710039208;2/28/2013;Unknown;Single;$80K - $120K;Blue;57;40;Test;383;626;626
709516458;9/7/2014;Uneducated;Married;$80K - $120K;Blue;30;22;Test;352;191;191
711416958;9/24/2014;Graduate;Single;Less than $40K;Blue;33;21;Test;712;236;236
711002058;10/7/2013;Unknown;Married;Less than $40K;Blue;42;33;Test;3462;2088;2088
710462433;1/9/2014;Post-Graduate;Divorced;;Blue;45;30;Test;769;1246;1246
709487058;6/29/2013;Graduate;Married;;Blue;51;36;Test;863;1190;1190
709495833;6/27/2013;Graduate;Married;Less than $40K;Blue;44;36;Control;757;1198;1198
710758683;7/24/2012;High School;Married;Less than $40K;Blue;61;48;Test;153;491;491
708665133;3/9/2014;Uneducated;Married;$80K - $120K;Blue;40;28;Test;414;460;460
710300733;4/18/2014;Uneducated;Married;$40K - $60K;Blue;38;27;Test;513;645;645
710822808;10/1/2013;College;Single;$60K - $80K;Blue;51;33;Test;528;533;533
709106358;10/14/2014;Graduate;Single;$60K - $80K;Blue;40;21;Test;431;314;314
709920258;3/10/2014;High School;Single;Less than $40K;Blue;41;28;Test;1408;1434;1434
709101258;2/25/2014;Unknown;Married;Less than $40K;Blue;41;28;Control;257;258;258
708099183;6/30/2013;Graduate;Married;$60K - $80K;Blue;37;36;Test;896;735;735
709473708;12/9/2013;High School;Divorced;$120K +;Blue;39;31;Test;422;495;495
708472008;7/2/2013;College;Married;$40K - $60K;Blue;44;36;Test;2062;2446;2446
708204033;7/18/2014;Post-Graduate;Married;$60K - $80K;Blue;36;24;Test;609;501;501
711199008;12/8/2013;Unknown;Married;Less than $40K;Blue;38;31;Test;2336;2419;2419
710416533;3/12/2012;Uneducated;Married;Less than $40K;Blue;58;52;Test;1535;1548;1548
710462433;1/4/2014;Post-Graduate;Married;Less than $40K;Blue;45;30;Test;0;108;108
711173883;1/29/2014;Post-Graduate;Single;$60K - $80K;Silver;36;29;Test;906;545;545
710518308;8/21/2013;Post-Graduate;Married;Less than $40K;Blue;54;35;Test;382;391;391
709206333;12/30/2013;Uneducated;Single;$60K - $80K;Silver;44;30;Control;426;547;547
711201108;2/10/2014;Uneducated;Single;$80K - $120K;Blue;37;29;Control;479;351;351
710838108;7/7/2013;College;Married;$120K +;Blue;45;36;Test;1614;1636;1636
708136908;2/27/2012;High School;Single;$60K - $80K;Blue;62;53;Test;898;826;826
710729358;12/26/2013;Graduate;Married;;Blue;40;30;Control;439;366;366
709747308;7/9/2013;Graduate;Single;$80K - $120K;Blue;41;36;Test;526;230;230
708303108;1/12/2013;Uneducated;Unknown;$80K - $120K;Blue;50;42;Test;257;258;258
709514433;9/26/2013;High School;Single;$40K - $60K;Blue;41;33;Test;451;514;514
709236633;3/5/2014;Unknown;Married;;Blue;40;28;Test;1096;764;764
709206333;12/30/2013;Graduate;Single;$80K - $120K;Blue;44;30;Control;287;285;285
710969433;12/1/2013;College;Divorced;$80K - $120K;Blue;41;31;Test;483;563;563
708355683;5/4/2013;Post-Graduate;Married;$80K - $120K;Blue;46;38;Test;964;891;891
711040758;7/17/2013;Post-Graduate;Married;$80K - $120K;Blue;32;36;Test;979;358;358
711398433;12/7/2013;Graduate;Married;$60K - $80K;Blue;38;31;Test;431;437;437
709550958;10/28/2013;Doctorate;Married;Less than $40K;Blue;51;32;Test;866;1333;1333
711297483;9/21/2013;Post-Graduate;Single;$80K - $120K;Blue;47;34;Test;921;1043;1043
710815608;5/29/2014;Graduate;Unknown;$40K - $60K;Blue;43;25;Test;2467;2457;2457
709064208;11/20/2013;Graduate;Single;$60K - $80K;Blue;43;32;Control;818;766;766
708151008;2/15/2013;Graduate;Single;Less than $40K;Blue;49;41;Test;287;285;285
708720558;1/18/2014;Unknown;Divorced;$40K - $60K;Blue;44;30;Test;918;695;695
709161108;10/4/2013;Uneducated;Divorced;$60K - $80K;Blue;44;33;Control;648;372;372
710423358;1/23/2014;Post-Graduate;Single;Less than $40K;Blue;35;29;Test;523;382;382
710096658;4/15/2013;High School;Married;$40K - $60K;Blue;45;39;Test;3018;2401;2401
710090133;4/5/2012;Graduate;Single;$40K - $60K;Blue;62;51;Test;577;781;781
710481333;7/14/2013;Graduate;Single;$60K - $80K;Blue;50;36;Control;210;367;367
710736558;7/6/2013;Uneducated;Married;Less than $40K;Blue;39;36;Test;813;273;273
710997183;7/6/2013;High School;Single;Less than $40K;Blue;46;36;Test;469;345;345
710058033;2/4/2013;Graduate;Married;$40K - $60K;Blue;51;41;Test;566;278;278
709700058;10/3/2013;Uneducated;Married;;Blue;52;33;Test;719;765;765
709641933;7/16/2013;Graduate;Divorced;$60K - $80K;Blue;42;36;Test;415;324;324
708577308;6/27/2013;High School;Married;$60K - $80K;Blue;43;36;Test;913;884;884
710201058;4/27/2013;Graduate;Married;$80K - $120K;Blue;46;38;Test;728;300;300
708890133;7/26/2013;Uneducated;Single;;Blue;46;35;Test;1012;675;675
708880683;3/10/2013;Uneducated;Married;Less than $40K;Blue;49;40;Test;524;349;349
708496833;5/22/2012;Graduate;Married;Less than $40K;Blue;60;50;Control;362;328;328
708747708;10/2/2013;Graduate;Single;Less than $40K;Blue;43;33;Test;265;149;149
708404883;6/7/2013;Unknown;Single;Less than $40K;Blue;45;37;Test;607;1218;1218
709300458;12/16/2012;Uneducated;Married;;Blue;48;43;Test;759;519;519
710654808;7/13/2013;Graduate;Single;Less than $40K;Blue;46;36;Control;924;733;733
708211383;3/25/2014;Unknown;Married;Less than $40K;Blue;35;27;Test;355;274;274
709497108;7/7/2013;Graduate;Single;$120K +;Silver;44;36;Test;767;695;695
709212183;7/9/2013;College;Single;$40K - $60K;Silver;53;36;Test;998;795;795
710090958;3/9/2013;Graduate;Single;$60K - $80K;Blue;51;40;Test;2705;2314;2314
709381383;7/11/2013;Graduate;Single;$60K - $80K;Blue;49;36;Test;1449;1603;1603
709946658;1/12/2014;Graduate;Unknown;Less than $40K;Blue;49;30;Test;556;322;322
710773533;8/17/2013;Graduate;Single;Less than $40K;Gold;43;35;Test;654;104;104
710404533;6/4/2013;Doctorate;Married;$40K - $60K;Blue;50;37;Test;652;601;601
709460883;3/6/2014;Graduate;Married;Less than $40K;Blue;38;28;Control;315;513;513
710752233;7/18/2014;College;Married;$80K - $120K;Blue;43;24;Control;655;835;835
708252108;2/6/2012;Graduate;Married;$120K +;Blue;64;53;Test;1637;1590;1590
708899283;2/25/2014;College;Divorced;$40K - $60K;Blue;40;28;Test;449;310;310
708838908;12/28/2012;Graduate;Married;$60K - $80K;Blue;49;42;Test;954;750;750
708620283;6/14/2014;High School;Married;$80K - $120K;Blue;35;25;Test;594;789;789
710186958;10/30/2013;Uneducated;Married;$60K - $80K;Blue;45;32;Test;942;842;842
708931908;7/5/2013;High School;Married;Less than $40K;Blue;48;36;Test;962;1195;1195
708445608;6/4/2013;Graduate;Married;Less than $40K;Blue;48;37;Test;241;196;196
710916408;4/22/2013;Graduate;Married;$40K - $60K;Blue;57;39;Test;435;580;580
709641933;6/28/2013;Graduate;Single;$40K - $60K;Blue;42;36;Test;497;346;346
709104333;7/7/2013;Uneducated;Divorced;$60K - $80K;Blue;50;36;Test;860;686;686
711048783;2/14/2014;High School;Divorced;$60K - $80K;Blue;41;29;Test;1027;1122;1122
710098233;6/6/2015;Doctorate;Married;$60K - $80K;Blue;28;13;Test;774;655;655
710213508;1/16/2012;Uneducated;Married;Less than $40K;Blue;63;54;Test;483;515;515
708488208;8/14/2012;Uneducated;Single;Less than $40K;Blue;57;47;Test;774;918;918
708590658;2/10/2012;High School;Married;;Blue;65;53;Test;352;198;198
710035008;6/30/2014;College;Married;Less than $40K;Blue;31;24;Test;405;367;367
711258108;11/18/2012;Graduate;Married;$60K - $80K;Blue;54;44;Test;143;396;396
709364433;12/31/2013;Graduate;Married;Less than $40K;Blue;36;30;Test;924;733;733
708119658;5/4/2013;High School;Unknown;Less than $40K;Blue;49;38;Test;545;262;262
711382458;5/21/2013;Graduate;Single;$80K - $120K;Blue;43;38;Control;391;257;257
708098133;11/22/2014;Graduate;Married;$80K - $120K;Blue;32;19;Test;965;1062;1062
709971708;2/11/2013;High School;Single;$40K - $60K;Blue;51;41;Control;1609;1636;1636
708867408;2/28/2013;Unknown;Married;$60K - $80K;Blue;52;40;Control;362;327;327
709688883;7/3/2013;Post-Graduate;Divorced;Less than $40K;Blue;45;36;Control;479;308;308
708568983;3/15/2014;Post-Graduate;Married;$80K - $120K;Blue;40;28;Test;352;520;520
708267858;7/23/2013;Graduate;Married;$80K - $120K;Blue;;36;Test;387;329;329
709920258;3/5/2014;Graduate;Single;;Blue;41;28;Test;311;303;303
710904708;12/13/2012;Graduate;Married;Less than $40K;Blue;56;43;Test;637;479;479
710013258;12/20/2013;Graduate;Married;Less than $40K;Blue;44;31;Test;521;453;453
709219533;2/19/2013;College;Single;;Blue;53;41;Test;303;256;256
708402333;6/1/2013;High School;Divorced;;Blue;48;37;Test;1419;1404;1404
708557358;3/4/2014;Graduate;Divorced;$60K - $80K;Blue;43;28;Test;463;432;432
709042908;11/22/2012;High School;Single;$80K - $120K;Blue;51;44;Test;437;558;558
711084183;1/5/2013;Graduate;Married;$80K - $120K;Blue;47;42;Test;1673;1503;1503
711389358;8/11/2014;Graduate;Divorced;$60K - $80K;Blue;42;23;Control;296;305;305
709379283;4/8/2014;Graduate;Single;$80K - $120K;Blue;39;27;Test;906;545;545
708701358;6/26/2013;High School;Married;$80K - $120K;Blue;39;36;Test;2746;2646;2646
709215708;7/13/2013;Unknown;Single;;Blue;49;36;Test;868;787;787
709666908;6/26/2013;College;Married;$40K - $60K;Blue;42;36;Test;390;229;229
709662708;2/3/2012;High School;Married;$120K +;Silver;65;53;Test;868;751;751
708100533;7/12/2013;High School;Single;$40K - $60K;Blue;55;36;Test;283;308;308
710725383;7/14/2013;High School;Single;Less than $40K;Blue;42;36;Test;426;368;368
708931908;7/21/2013;College;Divorced;$40K - $60K;Blue;;36;Test;1591;1587;1587
710587458;9/3/2014;Graduate;Single;$40K - $60K;Blue;34;22;Test;465;423;423
709257708;2/7/2013;Uneducated;Single;$80K - $120K;Blue;47;41;Test;374;303;303
711129483;7/14/2013;Graduate;Single;$80K - $120K;Silver;45;36;Test;734;598;598
711197658;12/14/2012;Unknown;Single;$60K - $80K;Blue;53;43;Test;587;572;572
710166783;7/10/2013;Unknown;Single;Less than $40K;Blue;49;36;Test;820;611;611
709501683;6/25/2014;Graduate;Single;$40K - $60K;Blue;33;24;Test;344;443;443
710387583;8/22/2013;Unknown;Single;;Blue;55;35;Test;871;1150;1150
710675508;3/12/2014;Unknown;Married;Less than $40K;Blue;40;28;Test;920;806;806
708741633;10/29/2012;Uneducated;Married;$40K - $60K;Blue;52;44;Test;352;198;198
708532308;7/22/2013;Uneducated;Married;$80K - $120K;Blue;37;36;Test;772;1168;1168
709284333;2/23/2014;Uneducated;Single;$40K - $60K;Blue;36;28;Test;1723;3081;3081
708575058;4/15/2013;High School;Married;$120K +;Blue;46;39;Control;487;694;694
709718058;7/18/2013;Graduate;Married;$120K +;Blue;52;36;Test;809;717;717
708178608;6/27/2013;Uneducated;Single;Less than $40K;Blue;31;36;Test;527;618;618
711197658;12/23/2012;Unknown;Divorced;$80K - $120K;Blue;53;43;Test;69;133;133
710803008;12/31/2013;Graduate;Married;Less than $40K;Blue;40;30;Test;480;495;495
711286533;11/27/2013;College;Married;$80K - $120K;Blue;43;31;Test;404;214;214
710706558;1/9/2013;Graduate;Single;Less than $40K;Blue;51;42;Test;897;1017;1017
708908883;11/10/2013;Graduate;Married;$40K - $60K;Blue;37;32;Test;407;337;337
709948233;8/15/2013;High School;Single;$40K - $60K;Blue;47;35;Test;519;361;361
709984083;7/17/2013;High School;Single;$40K - $60K;Blue;43;36;Test;582;353;353
710122458;7/6/2013;Unknown;Married;Less than $40K;Blue;38;36;Test;503;747;747
709288383;4/28/2014;College;Unknown;Less than $40K;Blue;32;26;Test;652;1392;1392
710004933;7/12/2013;Doctorate;Married;Less than $40K;Blue;44;36;Test;154;318;318
710529708;7/23/2013;Unknown;Single;Less than $40K;Blue;41;36;Test;706;413;413
708273858;1/1/2014;Post-Graduate;Single;$80K - $120K;Blue;40;30;Test;809;717;717
709019283;4/15/2013;Unknown;Single;Less than $40K;Blue;47;39;Test;833;973;973
710213508;1/12/2012;Graduate;Married;$40K - $60K;Blue;63;54;Test;716;694;694
710371683;7/11/2013;Graduate;Unknown;$40K - $60K;Blue;51;36;Test;245;240;240
708618933;5/21/2015;Graduate;Married;Less than $40K;Blue;34;13;Test;2081;2277;2277
710466633;11/10/2012;Graduate;Single;$60K - $80K;Silver;55;44;Test;1055;1124;1124
709161108;10/20/2013;Uneducated;Married;$60K - $80K;Blue;44;33;Control;1542;1529;1529
709563258;2/7/2013;Graduate;Single;Less than $40K;Blue;50;41;Control;2988;3125;3125
710070183;7/23/2013;Graduate;Married;Less than $40K;Blue;53;36;Test;363;514;514
710712783;1/29/2013;Post-Graduate;Single;Less than $40K;Blue;52;41;Test;225;320;320
711258108;11/2/2012;Unknown;Married;Less than $40K;Blue;54;44;Test;2598;2391;2391
710653158;9/22/2014;High School;Single;$60K - $80K;Blue;39;21;Test;1019;711;711
708848208;3/3/2013;Graduate;Single;Less than $40K;Blue;52;40;Test;1757;1638;1638
709064208;11/20/2013;Graduate;Single;$120K +;Blue;43;32;Control;1609;1636;1636
711232608;7/16/2013;Graduate;Single;Less than $40K;Blue;47;36;Control;1102;714;714
710783358;7/29/2013;Graduate;Married;;Blue;46;35;Test;594;566;566
711150333;12/16/2013;Graduate;Unknown;$120K +;Blue;40;31;Control;1018;958;958
711111633;6/3/2012;High School;Married;$120K +;Blue;60;49;Test;415;324;324
710644158;3/11/2014;Graduate;Divorced;Less than $40K;Blue;45;28;Test;394;538;538
709836258;2/22/2013;Graduate;Married;$40K - $60K;Blue;45;41;Test;307;207;207
708397008;12/7/2012;High School;Married;$40K - $60K;Blue;54;43;Test;780;767;767
709035708;7/18/2013;High School;Married;$80K - $120K;Blue;38;36;Test;387;329;329
709564683;9/5/2014;Uneducated;Single;Less than $40K;Blue;32;22;Control;319;401;401
710511858;7/2/2013;Uneducated;Unknown;$40K - $60K;Blue;58;36;Test;771;725;725
710096658;4/23/2013;Graduate;Single;$80K - $120K;Blue;45;39;Test;469;345;345
710404533;6/9/2013;Post-Graduate;Married;;Blue;50;37;Test;145;155;155
709229358;4/27/2013;Graduate;Married;$40K - $60K;Blue;46;38;Test;586;472;472
708545058;6/30/2013;Graduate;Married;Less than $40K;Blue;45;36;Test;812;972;972
709022883;7/15/2013;Graduate;Single;$80K - $120K;Blue;44;36;Test;506;591;591
711305208;7/19/2013;High School;Married;Less than $40K;Blue;52;36;Test;792;457;457
710741208;7/4/2013;Graduate;Single;Less than $40K;Blue;39;36;Test;806;592;592
709596783;8/27/2013;Doctorate;Single;$80K - $120K;Blue;46;34;Test;929;1010;1010
709688883;7/21/2013;Uneducated;Single;$80K - $120K;Blue;45;36;Control;993;690;690
708699108;7/10/2013;Graduate;Married;$80K - $120K;Blue;39;36;Test;426;335;335
709603608;6/7/2014;Post-Graduate;Unknown;$80K - $120K;Blue;34;25;Test;238;158;158
710536983;7/8/2013;High School;Unknown;Less than $40K;Blue;49;36;Test;791;981;981
708486033;7/21/2013;Unknown;Married;$80K - $120K;Blue;55;36;Test;728;300;300
711220683;7/2/2013;High School;Single;$80K - $120K;Blue;48;36;Test;241;196;196
709335558;6/11/2013;Unknown;Unknown;Less than $40K;Blue;49;37;Test;744;1024;1024
709159308;1/3/2014;Graduate;Married;Less than $40K;Blue;42;30;Test;863;1190;1190
711006783;9/12/2014;Unknown;Single;$80K - $120K;Blue;38;22;Test;906;754;754
710363433;6/30/2013;Graduate;Married;Less than $40K;Blue;26;36;Test;845;596;596
709210833;7/3/2013;Unknown;Single;$40K - $60K;Blue;48;36;Test;206;346;346
710294808;7/9/2013;Post-Graduate;Married;Less than $40K;Blue;44;36;Test;891;871;871
711310908;7/17/2013;High School;Married;;Blue;53;36;Test;437;558;558
708161133;11/7/2013;College;Married;$120K +;Silver;45;32;Test;940;1216;1216
710533233;2/6/2014;High School;Married;$40K - $60K;Blue;38;29;Control;878;1172;1172
709214358;1/19/2014;Graduate;Married;$40K - $60K;Silver;39;30;Test;804;623;623
710581758;10/30/2012;High School;Married;;Blue;52;44;Test;394;297;297
710098233;5/23/2015;Graduate;Married;;Blue;28;13;Test;646;601;601
708152358;7/21/2013;Graduate;Married;$80K - $120K;Blue;54;36;Control;743;575;575
709604958;7/15/2013;Doctorate;Single;$40K - $60K;Blue;51;36;Test;3538;3136;3136
710519433;7/12/2013;Unknown;Married;$40K - $60K;Blue;48;36;Test;416;178;178
709729533;3/29/2013;Graduate;Married;$120K +;Blue;47;39;Control;488;442;442
709272333;10/2/2012;Graduate;Married;$40K - $60K;Blue;59;45;Test;2087;2893;2893
709802208;1/17/2015;High School;Single;$80K - $120K;Blue;37;17;Test;618;943;943
710854008;6/17/2013;High School;Single;$40K - $60K;Blue;48;37;Test;345;436;436
708387933;6/3/2013;Post-Graduate;Married;$60K - $80K;Blue;49;37;Test;475;839;839
709224858;7/3/2013;Graduate;Married;$80K - $120K;Blue;53;36;Test;389;557;557
709054083;11/20/2013;Doctorate;Married;Less than $40K;Blue;50;32;Test;311;168;168
711288558;3/6/2014;Graduate;Single;$120K +;Gold;45;28;Test;379;340;340
711149133;12/31/2014;Unknown;Married;$40K - $60K;Blue;30;18;Control;965;1062;1062
709571958;8/21/2012;College;Married;Less than $40K;Blue;58;47;Test;1262;1371;1371
708369633;6/29/2013;Post-Graduate;Married;$40K - $60K;Blue;34;36;Control;791;629;629
709470858;12/8/2013;Graduate;Divorced;$80K - $120K;Silver;51;31;Test;256;169;169
708086958;2/7/2013;Graduate;Married;$120K +;Blue;49;41;Test;441;490;490
708707808;10/22/2012;Uneducated;Single;;Blue;57;45;Test;639;1137;1137
709346133;8/22/2013;Graduate;Single;;Blue;55;35;Test;476;439;439
710074458;8/26/2013;Graduate;Single;Less than $40K;Blue;41;34;Test;748;906;906
708575058;4/5/2013;High School;Married;$80K - $120K;Blue;46;39;Control;2820;2313;2313
709365483;7/23/2013;College;Single;$80K - $120K;Blue;45;36;Test;360;325;325
710164683;9/9/2014;Post-Graduate;Married;Less than $40K;Blue;33;22;Test;887;869;869
708585933;7/9/2013;College;Single;Less than $40K;Blue;44;36;Test;136;255;255
710287533;7/7/2013;Graduate;Married;Less than $40K;Blue;31;36;Test;767;841;841
710376708;10/12/2013;Graduate;Single;Less than $40K;Blue;50;33;Test;1703;1168;1168
708129933;7/5/2013;Uneducated;Married;;Blue;45;36;Test;950;786;786
711399408;6/9/2014;Graduate;Single;Less than $40K;Silver;34;25;Control;1109;1490;1490
710295858;11/19/2013;Uneducated;Single;Less than $40K;Blue;43;32;Test;249;262;262
708344358;10/18/2012;College;Single;$120K +;Blue;53;45;Test;887;412;412
709831983;9/23/2012;Uneducated;Single;Less than $40K;Blue;57;46;Test;554;833;833
710926383;7/5/2014;Post-Graduate;Married;$40K - $60K;Blue;32;24;Test;231;284;284
708572658;5/2/2013;Post-Graduate;Divorced;Less than $40K;Blue;49;38;Test;850;981;981
710125608;7/20/2013;High School;Single;Less than $40K;Blue;45;36;Test;503;747;747
711065133;6/3/2015;Graduate;Single;$80K - $120K;Blue;26;13;Test;908;1012;1012
708671733;6/30/2013;Unknown;Single;$40K - $60K;Blue;48;36;Test;303;333;333
710345808;7/3/2013;Unknown;Unknown;$60K - $80K;Blue;41;36;Test;703;716;716
709127808;8/2/2013;High School;Unknown;$80K - $120K;Blue;48;35;Test;474;362;362
709157133;9/2/2013;High School;Married;Less than $40K;Blue;39;34;Test;605;1022;1022
708672708;12/7/2013;Uneducated;Married;Less than $40K;Blue;49;31;Test;734;673;673
711345258;11/5/2012;Doctorate;Married;$120K +;Blue;52;44;Test;482;497;497
709745508;8/7/2012;College;Single;$80K - $120K;Blue;58;47;Control;1785;1336;1336
709714008;4/22/2013;Post-Graduate;Divorced;Less than $40K;Blue;50;39;Control;291;310;310
710697408;9/14/2014;High School;Married;$60K - $80K;Blue;41;22;Test;3458;3237;3237
708748833;6/3/2014;College;Single;;Blue;37;25;Test;749;1103;1103
708129933;7/13/2013;Uneducated;Married;$120K +;Blue;45;36;Test;2175;2330;2330
708211383;3/25/2014;High School;Single;$60K - $80K;Blue;35;27;Test;804;808;808
709042908;11/25/2012;College;Single;$80K - $120K;Silver;51;44;Test;372;342;342
711325308;9/4/2013;Graduate;Married;$120K +;Blue;46;34;Control;919;598;598
710424408;6/28/2013;College;Married;$40K - $60K;Blue;63;36;Test;471;328;328
708727983;7/21/2013;High School;Married;;Blue;62;36;Test;700;631;631
709500183;7/5/2013;Unknown;Married;$40K - $60K;Blue;46;36;Control;349;325;325
709573533;9/15/2013;College;Married;$80K - $120K;Blue;48;34;Test;1015;543;543
709296558;7/1/2013;High School;Single;$40K - $60K;Blue;53;36;Test;794;1018;1018
708606633;11/12/2012;Graduate;Married;$40K - $60K;Blue;56;44;Control;521;562;562
708573933;7/1/2013;Graduate;Married;$80K - $120K;Blue;45;36;Test;484;458;458
709858533;11/2/2014;Graduate;Single;Less than $40K;Blue;29;20;Test;2599;3145;3145
709747308;6/26/2013;High School;Married;$60K - $80K;Blue;41;36;Test;1526;1556;1556
711000933;2/8/2013;Unknown;Single;Less than $40K;Blue;50;41;Test;734;673;673
710574558;2/2/2013;Graduate;Married;;Blue;47;41;Test;655;835;835
711375558;8/29/2013;Doctorate;Single;$80K - $120K;Blue;48;34;Test;426;368;368
709486158;11/5/2014;Unknown;Married;$80K - $120K;Blue;33;20;Test;781;808;808
709887483;10/21/2012;College;Married;;Blue;56;45;Test;377;265;265
708095133;9/20/2013;College;Single;$60K - $80K;Blue;43;34;Test;804;303;303
711333933;6/29/2013;Post-Graduate;Single;Less than $40K;Silver;56;36;Test;411;517;517
710888883;6/29/2013;Graduate;Married;;Blue;37;36;Test;597;716;716
710978058;1/28/2013;Graduate;Single;$80K - $120K;Blue;50;41;Test;924;699;699
708423933;3/18/2013;High School;Married;$40K - $60K;Blue;51;40;Test;468;516;516
710374008;8/22/2012;High School;Single;Less than $40K;Blue;53;47;Test;2193;2010;2010
710622333;3/2/2014;Unknown;Unknown;;Blue;39;28;Test;415;425;425
708173433;4/27/2015;Graduate;Unknown;$80K - $120K;Platinum;26;14;Test;866;1333;1333
708703308;5/2/2014;College;Single;$60K - $80K;Blue;35;26;Control;733;678;678
709080783;5/16/2013;Graduate;Married;$40K - $60K;Blue;56;38;Test;301;324;324
708823908;3/19/2014;College;Married;$60K - $80K;Blue;41;28;Test;1017;659;659
709864833;5/1/2013;High School;Single;$120K +;Blue;49;38;Test;830;555;555
708123033;1/3/2014;Graduate;Single;$120K +;Blue;41;30;Test;659;721;721
708313608;12/8/2012;Unknown;Married;$80K - $120K;Blue;53;43;Test;258;330;330
708136908;2/17/2012;Graduate;Single;$80K - $120K;Blue;62;53;Test;1029;684;684
709920258;3/1/2014;Unknown;Single;Less than $40K;Blue;41;28;Test;824;966;966
711043983;2/5/2014;High School;Single;;Blue;44;29;Test;946;597;597
708446808;7/8/2013;College;Single;Less than $40K;Blue;33;36;Test;416;1052;1052
709332408;7/1/2013;High School;Unknown;$40K - $60K;Blue;44;36;Test;2189;2527;2527
711084183;1/6/2013;Graduate;Single;$80K - $120K;Blue;47;42;Test;723;1077;1077
708482658;12/12/2013;Graduate;Divorced;$60K - $80K;Blue;41;31;Test;397;476;476
711190233;7/7/2013;Unknown;Married;Less than $40K;Blue;34;36;Test;483;573;573
709841433;9/29/2013;High School;Married;Less than $40K;Blue;45;33;Test;757;708;708
710070183;6/26/2013;Graduate;Unknown;;Blue;53;36;Test;452;719;719
709061658;12/13/2013;High School;Single;Less than $40K;Blue;44;31;Test;241;308;308
710630583;4/21/2013;High School;Single;Less than $40K;Blue;47;39;Test;2345;1960;1960
710745633;7/11/2013;High School;Single;;Blue;53;36;Test;300;377;377
710751033;5/25/2015;Uneducated;Divorced;;Blue;31;13;Control;979;358;358
711029358;7/2/2013;Graduate;Married;Less than $40K;Gold;41;36;Test;906;545;545
709541433;6/27/2013;High School;Married;Less than $40K;Blue;37;36;Test;656;993;993
710893533;1/24/2013;Unknown;Single;$40K - $60K;Blue;53;42;Test;443;340;340
709376508;6/12/2012;High School;Married;$60K - $80K;Blue;58;49;Test;3023;2768;2768
710803983;10/6/2013;High School;Single;Less than $40K;Blue;44;33;Test;1591;1587;1587
709123908;7/10/2013;Graduate;Married;$40K - $60K;Blue;43;36;Test;3061;2746;2746
708796458;12/31/2014;Graduate;Single;Less than $40K;Blue;30;18;Test;2417;2553;2553
708996708;9/17/2012;Uneducated;Single;$80K - $120K;Blue;55;46;Test;663;482;482
709935708;12/23/2012;High School;Married;;Blue;55;43;Test;307;207;207
709269708;8/25/2013;Uneducated;Single;$60K - $80K;Silver;45;34;Test;1057;682;682
708508758;6/17/2012;Uneducated;Married;Less than $40K;Blue;62;49;Control;910;465;465
708704433;7/25/2014;High School;Single;$60K - $80K;Blue;36;23;Test;157;272;272
711323283;2/16/2013;Graduate;Married;Less than $40K;Gold;57;41;Control;2297;2726;2726
711334983;11/19/2013;Unknown;Married;$40K - $60K;Blue;41;32;Control;1585;1323;1323
709824633;8/4/2013;College;Married;$80K - $120K;Blue;44;35;Test;1065;1025;1025
709204158;7/10/2014;Uneducated;Married;Less than $40K;Blue;36;24;Test;351;345;345
709078908;11/3/2013;Uneducated;Single;Less than $40K;Blue;48;32;Test;384;307;307
709660233;11/25/2012;Graduate;Divorced;Less than $40K;Blue;52;44;Control;523;249;249
709627983;7/19/2013;Graduate;Single;$40K - $60K;Blue;56;36;Test;3016;2131;2131
710541858;10/5/2013;High School;Married;Less than $40K;Blue;45;33;Test;1037;790;790
710978058;2/8/2013;High School;Unknown;$80K - $120K;Blue;50;41;Test;556;385;385
709548783;7/6/2013;High School;Married;$60K - $80K;Gold;44;36;Control;3150;2410;2410
711339258;7/11/2013;High School;Single;$80K - $120K;Blue;49;36;Test;976;864;864
709080783;4/28/2013;Graduate;Divorced;Less than $40K;Blue;56;38;Test;1443;1358;1358
708249708;4/20/2013;College;Divorced;Less than $40K;Blue;48;39;Test;46;122;122
709102458;7/8/2013;High School;Married;$60K - $80K;Blue;47;36;Control;565;528;528
711326583;5/9/2012;Uneducated;Single;Less than $40K;Blue;62;50;Test;466;556;556
711315783;12/20/2012;Uneducated;Married;$60K - $80K;Blue;53;43;Test;366;650;650
708340758;11/12/2013;Graduate;Married;$80K - $120K;Silver;41;32;Control;1184;577;577
708679383;10/24/2013;Post-Graduate;Married;Less than $40K;Blue;44;32;Test;383;539;539
711315783;12/25/2012;High School;Single;$40K - $60K;Blue;53;43;Test;990;661;661
709289358;5/22/2013;Unknown;Single;Less than $40K;Blue;46;38;Test;1650;1350;1350
709131033;6/28/2013;College;Single;Less than $40K;Blue;65;36;Test;799;1085;1085
710656683;7/8/2013;High School;Unknown;Less than $40K;Blue;50;36;Test;273;266;266
710325258;7/5/2013;High School;Married;Less than $40K;Blue;52;36;Test;946;597;597
709961958;10/8/2012;High School;Single;$60K - $80K;Blue;58;45;Control;455;448;448
708375858;7/12/2013;Post-Graduate;Married;$40K - $60K;Blue;47;36;Test;1814;1385;1385
709333608;9/9/2012;High School;Married;$80K - $120K;Blue;58;46;Test;757;708;708
710086308;4/28/2013;Unknown;Married;Less than $40K;Blue;46;38;Test;285;324;324
711298458;4/27/2014;Graduate;Married;$40K - $60K;Blue;39;26;Control;521;578;578
711167808;1/13/2014;Unknown;Married;$80K - $120K;Blue;40;30;Control;714;542;542
709585758;3/16/2014;High School;Single;$60K - $80K;Blue;41;28;Test;434;331;331
711012783;7/14/2013;High School;Single;$80K - $120K;Blue;43;36;Control;1500;1553;1553
708957183;7/5/2013;Uneducated;Single;$40K - $60K;Blue;48;36;Test;360;282;282
709283358;2/8/2014;Uneducated;Divorced;$80K - $120K;Blue;43;29;Control;434;331;331
708513183;1/24/2014;High School;Single;$80K - $120K;Blue;39;29;Test;604;592;592
708173433;5/11/2015;Unknown;Divorced;$80K - $120K;Blue;26;14;Test;710;886;886
710526633;9/11/2013;Graduate;Single;$60K - $80K;Blue;47;34;Test;801;969;969
708384033;7/30/2013;Uneducated;Unknown;$80K - $120K;Blue;45;35;Control;477;732;732
709364433;1/13/2014;College;Married;Less than $40K;Blue;36;30;Test;170;118;118
708770883;7/5/2014;High School;Single;Less than $40K;Blue;43;24;Test;871;935;935
710102208;7/12/2013;High School;Single;$60K - $80K;Silver;56;36;Test;794;942;942
709826058;7/21/2013;Graduate;Divorced;;Blue;49;36;Test;776;990;990
710110683;7/18/2013;College;Married;$80K - $120K;Blue;52;36;Test;536;433;433
709110633;1/30/2014;High School;Unknown;$80K - $120K;Blue;41;29;Test;809;823;823
710241858;12/9/2013;Post-Graduate;Divorced;$60K - $80K;Blue;39;31;Test;806;774;774
709982658;12/20/2013;High School;Single;Less than $40K;Blue;41;31;Test;358;394;394
710694033;7/15/2013;High School;Married;;Blue;32;36;Test;616;395;395
711291558;7/20/2013;Graduate;Single;$80K - $120K;Silver;27;36;Test;428;477;477
710862258;7/3/2013;Unknown;Married;Less than $40K;Blue;41;36;Test;416;427;427
710698233;3/6/2014;Graduate;Single;;Blue;37;28;Test;397;476;476
709624533;10/8/2012;Graduate;Single;$60K - $80K;Blue;55;45;Test;854;1303;1303
709451508;5/4/2012;High School;Single;$60K - $80K;Blue;63;50;Test;498;499;499
708886533;2/16/2013;Unknown;Married;$60K - $80K;Blue;50;41;Test;69;133;133
710278458;12/13/2012;High School;Married;Less than $40K;Blue;52;43;Control;311;303;303
708492558;7/6/2013;College;Married;$40K - $60K;Blue;42;36;Test;2250;2652;2652
710663508;10/9/2013;Graduate;Single;$40K - $60K;Blue;42;33;Test;839;819;819
708679383;11/7/2013;Graduate;Married;$40K - $60K;Blue;44;32;Test;483;292;292
708534033;7/14/2013;Unknown;Single;$120K +;Blue;45;36;Test;989;1089;1089
710192283;7/14/2013;Post-Graduate;Married;Less than $40K;Blue;46;36;Test;256;270;270
708821733;6/29/2013;Post-Graduate;Married;Less than $40K;Blue;43;36;Control;505;311;311
709476033;7/16/2012;Unknown;Married;$120K +;Silver;55;48;Test;832;907;907
708427908;4/9/2013;Doctorate;Divorced;$120K +;Blue;52;39;Test;1829;2737;2737
708702258;7/11/2013;Graduate;Married;$80K - $120K;Blue;40;36;Control;580;721;721
708971583;2/16/2014;Graduate;Single;$120K +;Blue;38;29;Test;878;1014;1014
709169133;7/22/2014;Uneducated;Single;Less than $40K;Blue;35;23;Test;234;279;279
708809283;10/1/2013;Graduate;Married;$40K - $60K;Blue;41;33;Control;315;242;242
709434408;5/11/2014;Graduate;Divorced;Less than $40K;Blue;42;26;Test;359;259;259
709278258;11/10/2012;Graduate;Single;$80K - $120K;Blue;54;44;Control;846;616;616
709278258;11/11/2012;Graduate;Married;Less than $40K;Blue;54;44;Control;313;444;444
708332808;4/2/2013;Graduate;Married;$60K - $80K;Blue;47;39;Test;172;213;213
709807383;9/15/2014;Uneducated;Married;Less than $40K;Blue;35;22;Test;2584;2534;2534
711360783;6/30/2013;Unknown;Single;Less than $40K;Blue;39;36;Test;360;282;282
710353233;4/23/2013;Unknown;Single;$40K - $60K;Blue;48;39;Test;828;950;950
709794333;12/15/2014;Unknown;Single;$40K - $60K;Blue;29;19;Test;1734;1572;1572
709530408;7/10/2013;Uneducated;Single;$40K - $60K;Blue;45;36;Test;1581;1573;1573
710138883;7/2/2013;College;Married;Less than $40K;Blue;47;36;Control;2361;2477;2477
709473708;11/29/2013;High School;Single;$80K - $120K;Blue;39;31;Test;897;722;722
710783358;7/27/2013;College;Married;Less than $40K;Blue;46;35;Test;409;423;423
710771433;7/4/2013;High School;Single;;Blue;48;36;Test;360;293;293
711410958;3/12/2014;High School;Married;$80K - $120K;Silver;40;28;Test;880;652;652
710785383;4/2/2013;Graduate;Married;$40K - $60K;Blue;49;39;Control;407;490;490
709285683;11/28/2013;High School;Married;Less than $40K;Blue;48;31;Test;1570;1773;1773
708197358;7/12/2012;College;Single;Less than $40K;Blue;57;48;Control;113;214;214
708877458;8/31/2013;High School;Married;$80K - $120K;Blue;50;34;Test;113;214;214
710779083;7/5/2012;Graduate;Single;$40K - $60K;Blue;59;48;Test;2740;2129;2129
710937783;3/4/2013;High School;Married;Less than $40K;Blue;53;40;Test;2325;2945;2945
708959583;4/3/2013;Uneducated;Married;$60K - $80K;Blue;47;39;Test;2752;2677;2677
710927733;7/2/2013;High School;Married;$80K - $120K;Blue;39;36;Test;800;742;742
708760458;6/26/2013;High School;Single;$40K - $60K;Blue;47;36;Test;431;171;171
708666258;7/18/2013;Graduate;Married;$60K - $80K;Blue;43;36;Test;1658;1374;1374
708614058;10/14/2012;Unknown;Married;$80K - $120K;Blue;56;45;Test;156;335;335
709075533;11/3/2013;Uneducated;Divorced;$40K - $60K;Silver;41;32;Control;424;363;363
711356733;7/13/2013;Unknown;Unknown;;Blue;45;36;Test;479;351;351
711238908;1/22/2012;Unknown;Married;Less than $40K;Blue;65;54;Test;812;972;972
708100533;7/14/2013;Unknown;Single;$60K - $80K;Blue;55;36;Test;2554;2457;2457
711116133;6/2/2013;Uneducated;Divorced;Less than $40K;Silver;50;37;Control;153;491;491
711100608;7/26/2012;High School;Divorced;$80K - $120K;Blue;55;48;Control;1354;1407;1407
708242283;7/16/2013;Post-Graduate;Married;$120K +;Blue;29;36;Test;488;320;320
708254733;7/14/2013;College;Unknown;$80K - $120K;Blue;41;36;Test;809;614;614
709957158;3/12/2013;College;Divorced;;Blue;48;40;Test;1485;1202;1202
709082808;7/19/2013;Unknown;Married;$40K - $60K;Blue;53;36;Test;1575;1461;1461
708516558;7/20/2013;Graduate;Married;Less than $40K;Blue;37;36;Test;744;921;921
708942408;7/2/2013;Doctorate;Single;$120K +;Blue;46;36;Test;1148;722;722
710751033;6/2/2015;College;Married;Less than $40K;Blue;31;13;Control;1056;725;725
710026458;7/7/2013;Unknown;Married;Less than $40K;Blue;34;36;Test;379;342;342
709794333;12/11/2014;Doctorate;Unknown;Less than $40K;Blue;29;19;Test;824;813;813
708745983;7/20/2013;High School;Married;$80K - $120K;Blue;37;36;Test;242;320;320
708147108;7/7/2013;Graduate;Single;$80K - $120K;Blue;26;36;Test;792;993;993
710349258;7/14/2013;Uneducated;Married;Less than $40K;Blue;45;36;Test;1266;1764;1764
710019933;8/23/2014;Graduate;Married;;Blue;29;22;Test;877;583;583
711062958;7/28/2014;Unknown;Married;$40K - $60K;Blue;43;23;Test;640;733;733
709837308;12/9/2014;Uneducated;Married;;Blue;34;19;Test;871;1150;1150
708655983;3/22/2013;Graduate;Single;$40K - $60K;Blue;49;40;Test;425;523;523
709137558;7/16/2013;Graduate;Single;Less than $40K;Silver;52;36;Test;407;423;423
710135058;11/1/2012;Graduate;Single;;Blue;56;44;Test;393;796;796
710980383;9/25/2013;Unknown;Married;$60K - $80K;Blue;53;33;Control;799;776;776
709886583;3/12/2014;High School;Single;$60K - $80K;Blue;37;28;Test;679;676;676
709134333;2/28/2014;Doctorate;Single;$40K - $60K;Blue;45;28;Test;1138;1511;1511
710375283;12/28/2014;High School;Unknown;Less than $40K;Blue;26;18;Test;953;918;918
710084883;8/31/2014;Unknown;Divorced;Less than $40K;Blue;34;22;Test;3084;2844;2844
709025583;7/4/2013;Unknown;Married;$60K - $80K;Blue;53;36;Test;1585;1323;1323
708907833;4/18/2014;Uneducated;Married;$120K +;Blue;38;27;Test;2584;2230;2230
709042908;11/18/2012;Graduate;Single;Less than $40K;Blue;51;44;Test;431;171;171
710162133;7/5/2013;High School;Married;Less than $40K;Blue;41;36;Control;927;1242;1242
710819733;7/7/2013;Uneducated;Married;$120K +;Blue;56;36;Control;545;338;338
708419733;3/28/2013;High School;Married;$40K - $60K;Blue;47;39;Control;764;979;979
709432833;7/15/2013;Doctorate;Married;$60K - $80K;Blue;53;36;Test;2322;2404;2404
711393483;7/21/2013;Graduate;Married;Less than $40K;Blue;49;36;Test;781;735;735
709567758;2/17/2014;Graduate;Married;Less than $40K;Blue;40;29;Test;737;456;456
709311633;7/5/2013;Uneducated;Single;$40K - $60K;Blue;41;36;Test;273;294;294
710754933;6/26/2012;Uneducated;Married;Less than $40K;Blue;61;49;Control;682;741;741
708899283;2/22/2014;College;Single;$80K - $120K;Silver;40;28;Test;467;233;233
711196458;10/22/2014;High School;Single;Less than $40K;Blue;38;20;Control;1415;1411;1411
709852908;7/23/2013;High School;Divorced;;Blue;44;36;Test;539;562;562
711062958;8/10/2014;Graduate;Divorced;Less than $40K;Blue;43;23;Test;750;1021;1021
708462258;5/4/2013;Graduate;Married;Less than $40K;Blue;51;38;Test;469;525;525
709603608;6/15/2014;High School;Married;$60K - $80K;Blue;34;25;Test;359;255;255
710056758;7/8/2013;Graduate;Single;Less than $40K;Blue;51;36;Test;430;221;221
709022883;7/15/2013;Graduate;Single;$80K - $120K;Blue;44;36;Test;1355;1417;1417
710455608;7/6/2013;High School;Single;Less than $40K;Blue;40;36;Control;426;368;368
709297608;5/14/2014;Unknown;Single;$40K - $60K;Blue;38;26;Control;1341;1901;1901
708323208;7/17/2013;Graduate;Married;Less than $40K;Blue;49;36;Control;189;103;103
711367308;11/24/2014;High School;Single;Less than $40K;Silver;37;19;Test;771;718;718
709728183;4/20/2013;Unknown;Married;Less than $40K;Blue;46;39;Test;872;588;588
711296508;12/30/2012;Graduate;Single;;Blue;49;42;Test;767;584;584
709017258;7/2/2013;Uneducated;Married;Less than $40K;Blue;51;36;Control;718;764;764
709375158;7/3/2013;Uneducated;Married;Less than $40K;Blue;29;36;Test;249;331;331
709022883;7/9/2013;Uneducated;Married;Less than $40K;Silver;44;36;Test;169;116;116
708451233;7/23/2013;College;Single;Less than $40K;Blue;46;36;Test;1027;1122;1122
708271833;6/27/2013;High School;Married;Less than $40K;Blue;42;36;Test;316;431;431
709410033;6/29/2013;Uneducated;Single;$80K - $120K;Blue;56;36;Test;281;368;368
711125358;4/11/2013;Unknown;Single;$60K - $80K;Blue;45;39;Test;781;735;735
710429358;7/21/2012;Uneducated;Married;Less than $40K;Blue;57;48;Test;3132;3045;3045
708665133;3/14/2014;Post-Graduate;Married;$40K - $60K;Blue;40;28;Test;878;1172;1172
711175083;2/1/2013;Graduate;Single;$60K - $80K;Blue;54;41;Test;3274;3097;3097
709987683;6/27/2013;Unknown;Married;;Blue;46;36;Control;906;754;754
709485033;7/2/2013;Graduate;Married;;Blue;55;36;Test;1199;1395;1395
708805908;12/22/2014;High School;Single;$80K - $120K;Blue;30;18;Control;325;302;302
708635058;11/23/2012;Uneducated;Single;$40K - $60K;Blue;53;44;Test;516;485;485
708834483;1/24/2014;Graduate;Single;Less than $40K;Blue;46;29;Control;514;380;380
710520408;7/7/2013;Unknown;Unknown;$40K - $60K;Blue;52;36;Test;865;730;730
709850508;10/31/2014;Graduate;Single;;Blue;33;20;Control;822;690;690
710147958;7/6/2013;Unknown;Unknown;Less than $40K;Blue;47;36;Test;415;677;677
708555633;2/25/2015;Uneducated;Married;$40K - $60K;Blue;32;16;Test;870;314;314
710490708;7/21/2013;Graduate;Divorced;$40K - $60K;Blue;54;36;Test;906;754;754
711144183;10/25/2012;Graduate;Single;Less than $40K;Platinum;55;45;Control;665;827;827
709044183;4/13/2014;Unknown;Unknown;$60K - $80K;Blue;47;27;Test;690;648;648
711397533;1/29/2013;College;Single;$60K - $80K;Blue;52;41;Test;2180;3155;3155
708878508;6/11/2013;Post-Graduate;Single;Less than $40K;Blue;45;37;Test;928;751;751
711116133;6/14/2013;College;Single;$120K +;Gold;50;37;Control;271;216;216
708525108;8/4/2012;College;Married;$120K +;Blue;54;47;Test;609;501;501
710969433;11/26/2013;High School;Single;$60K - $80K;Blue;41;31;Test;814;475;475
709017258;7/20/2013;High School;Single;;Blue;51;36;Control;419;432;432
710428308;4/4/2012;Uneducated;Divorced;Less than $40K;Blue;55;51;Test;186;279;279
711099408;6/11/2014;High School;Married;$120K +;Blue;35;25;Test;1319;1568;1568
710547783;7/22/2013;Graduate;Single;;Blue;57;36;Test;762;1099;1099
710364258;1/29/2013;Unknown;Married;Less than $40K;Blue;53;41;Test;372;412;412
708989358;1/9/2015;Unknown;Single;$60K - $80K;Blue;37;18;Test;895;935;935
708273858;12/30/2013;Unknown;Single;$60K - $80K;Blue;40;30;Test;501;500;500
709014558;1/11/2013;Unknown;Married;Less than $40K;Blue;49;42;Test;235;232;232
708653958;7/14/2013;High School;Married;$60K - $80K;Blue;38;36;Control;2899;2417;2417
710722908;7/9/2013;Uneducated;Married;;Blue;53;36;Test;479;335;335
708646233;7/9/2013;High School;Single;Less than $40K;Blue;44;36;Test;447;681;681
709497108;7/1/2013;College;Unknown;;Blue;44;36;Test;1079;456;456
710438358;8/3/2013;Uneducated;Unknown;Less than $40K;Blue;42;35;Control;757;269;269
709362033;1/3/2013;Graduate;Single;Less than $40K;Blue;52;42;Control;350;327;327
711370458;5/1/2013;High School;Married;$80K - $120K;Blue;49;38;Test;425;523;523
708947208;1/18/2015;Graduate;Single;$40K - $60K;Blue;36;17;Test;865;870;870
708770883;6/25/2014;Graduate;Married;Less than $40K;Blue;43;24;Test;918;695;695
708286683;12/19/2012;College;Married;$80K - $120K;Blue;57;43;Test;415;677;677
708907833;4/11/2014;Graduate;Married;$120K +;Silver;38;27;Test;389;373;373
708406083;6/26/2014;Graduate;Single;;Blue;35;24;Test;992;985;985
711372258;4/23/2012;Graduate;Married;$80K - $120K;Blue;59;51;Test;927;1088;1088
709166883;4/19/2014;Graduate;Single;$40K - $60K;Silver;39;27;Test;384;358;358
710558058;5/18/2013;Unknown;Single;$40K - $60K;Blue;46;38;Test;865;927;927
708281433;7/5/2013;College;Married;Less than $40K;Blue;57;36;Test;1019;711;711
708255633;4/16/2014;Doctorate;Single;Less than $40K;Blue;36;27;Test;856;868;868
709058808;7/16/2013;Uneducated;Single;$80K - $120K;Blue;56;36;Test;475;572;572
710621283;10/26/2013;Graduate;Married;Less than $40K;Blue;50;32;Test;308;197;197
709937583;9/20/2013;Graduate;Married;Less than $40K;Blue;45;34;Test;652;735;735
709086933;8/25/2014;Graduate;Single;Less than $40K;Blue;40;22;Test;1637;1590;1590
711341433;7/3/2014;College;Married;$40K - $60K;Blue;34;24;Test;497;541;541
711004533;5/3/2014;Graduate;Single;Less than $40K;Silver;44;26;Test;512;412;412
710078358;5/12/2014;College;Single;$60K - $80K;Blue;36;26;Test;1551;1564;1564
710809833;4/14/2014;High School;Unknown;Less than $40K;Blue;40;27;Test;476;377;377
709516458;9/13/2014;Doctorate;Single;$60K - $80K;Blue;30;22;Test;2250;2652;2652
708974283;9/20/2013;Graduate;Single;Less than $40K;Silver;50;34;Test;904;1118;1118
709224033;12/8/2012;Graduate;Single;;Blue;53;43;Control;1355;1417;1417
711382458;4/28/2013;Doctorate;Married;$80K - $120K;Blue;43;38;Control;768;1173;1173
709368483;10/5/2012;Unknown;Single;Less than $40K;Blue;56;45;Test;596;468;468
708501783;7/23/2013;Graduate;Married;;Blue;43;36;Control;700;892;892
710728458;7/18/2013;Graduate;Married;Less than $40K;Blue;62;36;Test;192;281;281
710594358;7/6/2013;Uneducated;Single;Less than $40K;Blue;28;36;Test;773;872;872
710771433;7/23/2013;College;Single;Less than $40K;Blue;48;36;Test;582;557;557
709709283;12/7/2014;Uneducated;Married;$80K - $120K;Blue;38;19;Control;280;296;296
709925733;9/3/2014;Unknown;Single;Less than $40K;Blue;32;22;Test;697;784;784
710903358;12/15/2011;Post-Graduate;Married;Less than $40K;Blue;65;55;Test;2779;2512;2512
711002058;10/10/2013;Graduate;Married;$120K +;Blue;42;33;Test;758;558;558
711148308;9/18/2012;High School;Single;$80K - $120K;Blue;52;46;Test;850;777;777
709813008;8/14/2013;Unknown;Single;Less than $40K;Blue;44;35;Test;807;931;931
711041508;6/17/2014;Graduate;Married;$80K - $120K;Blue;37;25;Test;763;559;559
710522433;9/4/2012;Post-Graduate;Unknown;Less than $40K;Blue;65;46;Test;576;670;670
708489258;3/30/2014;Graduate;Married;$40K - $60K;Blue;40;27;Test;528;533;533
711076533;1/4/2013;Graduate;Married;$60K - $80K;Blue;65;42;Test;3211;2632;2632
708207783;1/22/2013;Graduate;Single;Less than $40K;Blue;50;42;Test;316;356;356
709663608;7/4/2013;Graduate;Married;;Blue;43;36;Control;521;453;453
710980383;9/30/2013;Graduate;Married;$80K - $120K;Blue;53;33;Control;886;621;621
709913733;7/18/2013;College;Single;$40K - $60K;Blue;39;36;Test;401;547;547
710783358;8/4/2013;Uneducated;Married;$60K - $80K;Blue;46;35;Test;634;914;914
710821833;1/5/2012;Unknown;Married;Less than $40K;Blue;65;54;Test;385;598;598
710756133;11/30/2013;College;Married;;Blue;40;31;Test;2554;2457;2457
711205758;9/27/2013;Uneducated;Married;$120K +;Blue;45;33;Control;377;541;541
709104333;7/2/2013;Uneducated;Divorced;$120K +;Blue;50;36;Test;1110;978;978
709927458;10/21/2014;Post-Graduate;Divorced;;Blue;38;20;Test;849;768;768
708249708;4/8/2013;Uneducated;Married;$60K - $80K;Blue;48;39;Test;1408;1434;1434
708765933;7/16/2013;Graduate;Single;$80K - $120K;Blue;46;36;Test;837;594;594
711203658;9/9/2013;Doctorate;Single;Less than $40K;Blue;46;34;Test;887;769;769
710506683;4/22/2013;Unknown;Married;$40K - $60K;Blue;47;39;Test;444;346;346
708152358;7/20/2013;Graduate;Married;Less than $40K;Silver;54;36;Control;293;432;432
711422358;7/6/2013;Graduate;Unknown;$40K - $60K;Blue;42;36;Test;686;899;899
709858533;10/20/2014;Unknown;Single;$80K - $120K;Blue;29;20;Test;571;677;677
709972908;6/2/2014;Unknown;Single;Less than $40K;Blue;38;25;Test;1102;764;764
709976358;1/12/2013;College;Married;Less than $40K;Blue;51;42;Test;417;319;319
710667708;7/18/2013;Unknown;Married;Less than $40K;Blue;47;36;Test;1415;1411;1411
711117108;6/27/2013;High School;Divorced;$40K - $60K;Blue;48;36;Test;261;267;267
710303208;3/6/2013;Graduate;Single;Less than $40K;Blue;52;40;Test;812;972;972
710825658;2/11/2014;High School;Married;Less than $40K;Blue;37;29;Test;27;329;329
710974308;6/28/2013;High School;Single;$120K +;Silver;38;36;Test;870;652;652
708868233;3/11/2012;Doctorate;Single;;Blue;68;52;Control;337;321;321
710508858;9/1/2013;Graduate;Single;$60K - $80K;Blue;44;34;Test;545;262;262
711256908;3/4/2014;College;Married;$80K - $120K;Silver;39;28;Test;899;590;590
709363383;7/12/2013;Graduate;Single;$40K - $60K;Blue;34;36;Test;139;256;256
711298458;5/19/2014;College;Single;$80K - $120K;Blue;39;26;Control;285;324;324
710829108;7/21/2013;Graduate;Single;Less than $40K;Blue;59;36;Test;957;1119;1119
711287733;7/14/2013;Uneducated;Married;$80K - $120K;Blue;45;36;Test;1399;1269;1269
708788583;12/1/2011;College;Married;Less than $40K;Blue;64;56;Control;773;927;927
710763783;10/29/2013;Graduate;Single;Less than $40K;Blue;49;32;Test;1262;1371;1371
711333933;7/7/2013;Unknown;Married;Less than $40K;Blue;56;36;Test;2308;3346;3346
708726708;6/28/2013;Graduate;Married;$80K - $120K;Blue;42;36;Control;415;425;425
709910733;1/13/2014;High School;Married;;Blue;49;30;Test;967;545;545
708720558;1/6/2014;Unknown;Married;$80K - $120K;Blue;44;30;Test;637;622;622
710004933;7/4/2013;Unknown;Single;Less than $40K;Blue;44;36;Test;2476;3183;3183
708748833;6/7/2014;High School;Married;$60K - $80K;Blue;37;25;Test;850;389;389
708721533;7/3/2013;Uneducated;Married;$80K - $120K;Blue;56;36;Test;2542;2668;2668
710809833;4/4/2014;Graduate;Single;$40K - $60K;Blue;40;27;Test;623;1227;1227
709852908;7/23/2013;Graduate;Single;Less than $40K;Blue;44;36;Test;769;451;451
711337158;6/24/2012;Graduate;Married;$120K +;Blue;56;49;Test;99;125;125
711251133;3/30/2014;Unknown;Married;$40K - $60K;Silver;37;27;Test;826;490;490
710538183;1/3/2013;Post-Graduate;Single;$40K - $60K;Blue;53;42;Test;545;910;910
710842308;5/14/2014;Uneducated;Divorced;$40K - $60K;Blue;41;26;Test;396;516;516
710188308;1/28/2013;Post-Graduate;Married;Less than $40K;Blue;51;41;Test;536;433;433
709614333;7/15/2013;Uneducated;Single;$120K +;Blue;59;36;Test;173;368;368
708822783;7/16/2013;Doctorate;Single;$40K - $60K;Blue;53;36;Test;852;872;872
710635083;5/13/2013;High School;Married;Less than $40K;Blue;46;38;Test;358;514;514
710869008;7/19/2013;Graduate;Married;;Blue;47;36;Test;755;702;702
710015733;1/12/2014;Doctorate;Married;Less than $40K;Blue;41;30;Control;1029;684;684
710656683;7/9/2013;College;Married;Less than $40K;Blue;50;36;Test;460;403;403
711008508;5/6/2012;Post-Graduate;Single;$60K - $80K;Blue;59;50;Test;2468;2505;2505
708701358;6/29/2013;Graduate;Married;$80K - $120K;Blue;39;36;Test;719;765;765
709082808;6/26/2013;Graduate;Married;$80K - $120K;Blue;53;36;Test;225;320;320
709857033;5/16/2012;Doctorate;Married;$60K - $80K;Blue;60;50;Test;1526;1556;1556
708340758;11/12/2013;Uneducated;Single;;Blue;41;32;Control;2843;2364;2364
710923533;12/19/2013;Unknown;Divorced;$120K +;Blue;38;31;Test;576;670;670
709143183;12/19/2012;High School;Married;$80K - $120K;Blue;52;43;Control;281;368;368
708745983;7/15/2013;High School;Divorced;$120K +;Blue;37;36;Test;808;1043;1043
709887483;10/23/2012;Unknown;Married;Less than $40K;Blue;56;45;Test;161;202;202
708474333;1/30/2014;Graduate;Married;$80K - $120K;Blue;42;29;Test;540;629;629
711153783;7/17/2013;College;Married;Less than $40K;Blue;44;36;Test;724;846;846
708820308;7/3/2013;High School;Married;$80K - $120K;Blue;47;36;Test;850;809;809
708902883;7/2/2013;Unknown;Married;;Blue;55;36;Test;889;1088;1088
708125733;7/10/2013;Graduate;Single;;Blue;46;36;Test;895;1044;1044
709330383;12/5/2014;High School;Married;$120K +;Blue;37;19;Test;822;1354;1354
709550958;11/16/2013;Uneducated;Married;$80K - $120K;Blue;51;32;Test;720;351;351
708614058;10/25/2012;High School;Single;$60K - $80K;Blue;56;45;Test;787;1015;1015
708794133;6/7/2013;Graduate;Single;$40K - $60K;Blue;46;37;Test;436;616;616
708316008;7/19/2013;Unknown;Single;$60K - $80K;Blue;59;36;Control;801;969;969
711129483;7/5/2013;Uneducated;Married;Less than $40K;Blue;45;36;Test;2238;2762;2762
710343783;1/28/2014;Graduate;Married;Less than $40K;Blue;37;29;Test;734;598;598
709250508;11/28/2011;Unknown;Married;$80K - $120K;Blue;63;56;Test;1138;1511;1511
709971708;2/5/2013;Graduate;Married;$80K - $120K;Silver;51;41;Control;840;954;954
708837858;9/12/2013;High School;Unknown;$40K - $60K;Blue;44;34;Test;1500;1553;1553
711367308;11/19/2014;Graduate;Single;Less than $40K;Blue;37;19;Test;2805;2703;2703
710734308;3/20/2013;Uneducated;Single;Less than $40K;Blue;49;40;Test;393;589;589
710540883;7/15/2014;Unknown;Single;Less than $40K;Blue;37;24;Test;927;1242;1242
709990983;7/21/2013;Graduate;Married;Less than $40K;Blue;49;36;Test;659;721;721
708344358;10/19/2012;Unknown;Married;$120K +;Blue;53;45;Test;1501;1370;1370
710899833;1/11/2015;College;Single;Less than $40K;Blue;36;18;Control;842;646;646
711175083;1/31/2013;Graduate;Single;Less than $40K;Silver;54;41;Test;232;210;210
708428958;10/21/2013;Graduate;Married;Less than $40K;Blue;39;33;Test;644;936;936
709319658;5/30/2013;Uneducated;Unknown;$80K - $120K;Blue;48;37;Control;945;350;350
710280558;4/18/2013;Graduate;Single;$40K - $60K;Blue;51;39;Test;629;513;513
709243533;2/16/2013;Graduate;Single;$60K - $80K;Blue;49;41;Test;577;781;781
711199008;11/26/2013;Uneducated;Single;$120K +;Blue;38;31;Test;792;993;993
708170508;7/9/2013;High School;Married;$80K - $120K;Blue;38;36;Control;865;355;355
711181608;3/9/2013;Graduate;Married;;Blue;50;40;Test;462;526;526
708745983;7/18/2013;Uneducated;Married;$40K - $60K;Blue;37;36;Test;487;694;694
708543258;7/6/2013;Graduate;Married;Less than $40K;Blue;36;36;Test;931;1282;1282
710043408;5/28/2013;Unknown;Single;$40K - $60K;Blue;49;37;Test;1013;828;828
709453833;3/8/2013;Uneducated;Married;Less than $40K;Blue;48;40;Test;1419;1404;1404
710558883;7/23/2013;Post-Graduate;Married;Less than $40K;Blue;41;36;Test;855;1019;1019
710858658;5/19/2013;Graduate;Married;;Blue;48;38;Test;514;380;380
710873583;7/21/2012;Unknown;Married;Less than $40K;Blue;58;48;Test;3262;2722;2722
708849858;7/29/2013;Graduate;Married;$80K - $120K;Blue;44;35;Test;503;484;484
710814633;12/2/2013;High School;Married;$40K - $60K;Blue;49;31;Test;268;144;144
711272058;3/17/2014;Graduate;Married;$40K - $60K;Blue;40;28;Test;291;310;310
708747708;10/21/2013;Graduate;Married;$60K - $80K;Blue;43;33;Test;174;159;159
710462433;1/16/2014;Graduate;Single;Less than $40K;Blue;45;30;Test;814;475;475
708776658;12/3/2012;College;Married;;Blue;54;43;Test;1627;2043;2043
710410158;5/9/2013;College;Divorced;;Blue;49;38;Control;1053;1137;1137
709814883;7/1/2013;Graduate;Single;$40K - $60K;Blue;45;36;Test;275;269;269
708334158;9/21/2013;Uneducated;Married;$40K - $60K;Blue;46;34;Test;787;775;775
710182383;5/21/2015;Graduate;Married;$60K - $80K;Blue;44;13;Test;439;366;366
710481333;7/19/2013;Unknown;Single;$40K - $60K;Blue;50;36;Control;354;371;371
710125608;6/30/2013;Unknown;Married;Less than $40K;Blue;45;36;Test;815;695;695
711364233;5/15/2014;Graduate;Divorced;$80K - $120K;Blue;41;26;Test;927;1242;1242
710951808;7/11/2013;High School;Married;$60K - $80K;Blue;32;36;Test;286;325;325
710681808;1/2/2013;College;Married;Less than $40K;Blue;53;42;Test;341;390;390
710565408;3/23/2013;College;Single;;Blue;59;40;Test;737;623;623
711349083;3/3/2014;High School;Divorced;$80K - $120K;Blue;47;28;Test;241;185;185
710299608;10/1/2013;College;Married;$40K - $60K;Blue;53;33;Control;3001;3051;3051
710654808;7/18/2013;Graduate;Unknown;Less than $40K;Blue;46;36;Control;2395;2755;2755
709467183;2/28/2013;Unknown;Married;$60K - $80K;Blue;56;40;Test;597;1118;1118
710482533;1/30/2015;Graduate;Married;$80K - $120K;Blue;26;17;Test;1747;1556;1556
710311233;5/28/2013;Graduate;Married;$40K - $60K;Blue;44;37;Test;1018;357;357
711340233;9/5/2013;Post-Graduate;Single;$40K - $60K;Blue;46;34;Test;556;322;322
710579583;5/6/2012;Graduate;Married;;Blue;57;50;Test;257;258;258
709547658;7/22/2013;Graduate;Married;;Blue;39;36;Control;878;1301;1301
709022883;7/23/2013;Graduate;Single;$40K - $60K;Blue;44;36;Test;482;277;277
708195633;11/19/2013;Graduate;Married;$60K - $80K;Blue;40;32;Test;2697;2966;2966
709969758;8/8/2013;High School;Single;Less than $40K;Blue;43;35;Test;754;538;538
708515358;7/10/2013;College;Married;$40K - $60K;Blue;40;36;Test;719;345;345
708222558;7/6/2013;Graduate;Single;$60K - $80K;Blue;37;36;Test;524;349;349
710406633;7/3/2013;Graduate;Married;$40K - $60K;Blue;51;36;Control;804;808;808
709518858;5/20/2013;Graduate;Married;$120K +;Blue;50;38;Test;1651;1645;1645
708768258;11/30/2012;Uneducated;Married;$120K +;Blue;51;43;Test;393;277;277
709861008;1/15/2014;Uneducated;Single;Less than $40K;Blue;47;30;Test;570;161;161
