Student_ID;Housing_Choice;Order_Habit;LocationInCity;Gender;Seniority  
1;Dormitory;NoRegular;East;F;Freshman
2;Dormitory;NoRegular;North-West;F;Freshman
3;Dormitory;NoRegular;North-West;F;Freshman
4;Dormitory;NoRegular;North-West;F;Freshman
5;Dormitory;NoRegular;North-West;F;Freshman
6;Dormitory;NoRegular;North-West;F;Freshman
7;Dormitory;NoRegular;North-West;F;Freshman
8;Dormitory;NoRegular;North-West;F;Freshman
9;Dormitory;NoRegular;North-West;F;Freshman
10;Dormitory;NoRegular;North-West;F;Freshman
11;Dormitory;NoRegular;North-West;F;Freshman
12;Dormitory;NoRegular;South-West;F;Freshman
13;Dormitory;NoRegular;South-West;F;Freshman
14;Dormitory;NoRegular;South-West;F;Freshman
15;Dormitory;NoRegular;South-West;F;Freshman
16;Dormitory;NoRegular;South-West;F;Freshman
17;Dormitory;NoRegular;South-West;F;Freshman
18;Dormitory;NoRegular;South-West;F;Freshman
19;Dormitory;NoRegular;South-West;F;Freshman
20;Dormitory;NoRegular;South-West;F;Freshman
21;Dormitory;NoRegular;South-West;F;Sophomore
22;Dormitory;NoRegular;South-West;F;Sophomore
23;Dormitory;NoRegular;South-West;F;Sophomore
24;Dormitory;NoRegular;South-West;F;Sophomore
25;Dormitory;NoRegular;South-West;F;Sophomore
26;Dormitory;NoRegular;South-West;F;Sophomore
27;Dormitory;NoRegular;South-West;F;Sophomore
28;Dormitory;NoRegular;South-West;F;Sophomore
29;Dormitory;NoRegular;South-West;F;Sophomore
30;Dormitory;NoRegular;South-West;F;Sophomore
31;Dormitory;NoRegular;South-West;F;Sophomore
32;Dormitory;NoRegular;South-West;F;Sophomore
33;Dormitory;Sporadic;South-West;F;Sophomore
34;Dormitory;Sporadic;South-West;M;Sophomore
35;Dormitory;Sporadic;South-West;M;Sophomore
36;Dormitory;Sporadic;South-West;M;Sophomore
37;Dormitory;Sporadic;South-West;M;Sophomore
38;Dormitory;Sporadic;South-West;M;Sophomore
39;Dormitory;Sporadic;South-West;M;Sophomore
40;Dormitory;Sporadic;South-West;M;Sophomore
41;Dormitory;Sporadic;South-West;M;Sophomore
42;Dormitory;Sporadic;South-West;M;Sophomore
43;Dormitory;Sporadic;South-West;M;Sophomore
44;Dormitory;Sporadic;South-West;M;Sophomore
45;Dormitory;Sporadic;South-West;M;Sophomore
46;Dormitory;Sporadic;South-West;M;Sophomore
47;Dormitory;Sporadic;South-West;M;Sophomore
48;Dormitory;Sporadic;South-West;M;Sophomore
49;Dormitory;Sporadic;South-West;M;Sophomore
50;Dormitory;Sporadic;South-West;M;Sophomore
51;Dormitory;Sporadic;South-West;M;Sophomore
52;Dormitory;Sporadic;South-West;M;Sophomore
53;Dormitory;Sporadic;South-West;M;Sophomore
54;Dormitory;Sporadic;South-West;M;Sophomore
55;Dormitory;Sporadic;South-West;M;Sophomore
56;Dormitory;Sporadic;South-West;M;Sophomore
57;Dormitory;Sporadic;South-West;M;Sophomore
58;Dormitory;Sporadic;South-West;M;Sophomore
59;Dormitory;Sporadic;South-West;M;Sophomore
60;Dormitory;Sporadic;South-West;M;Sophomore
61;Dormitory;Sporadic;South-West;M;Sophomore
62;Dormitory;Sporadic;South-West;M;Sophomore
63;Dormitory;Regular;South-West;M;Sophomore
64;Dormitory;Regular;South-West;M;Sophomore
65;Dormitory;Regular;South-West;M;Sophomore
66;Dormitory;Regular;South-West;M;Sophomore
67;Dormitory;Regular;South-West;M;Sophomore
68;Dormitory;Regular;South-West;M;Sophomore
69;Dormitory;Regular;South-West;M;Sophomore
70;Dormitory;Regular;South-West;M;Sophomore
71;Dormitory;Regular;South-West;M;Sophomore
72;Dormitory;Regular;South-West;M;Sophomore
73;Dormitory;Regular;South-West;M;Sophomore
74;Dormitory;Regular;South-West;M;Sophomore
75;Dormitory;Regular;South-West;M;Sophomore
76;Dormitory;Regular;South-West;M;Sophomore
77;Dormitory;Regular;South-West;M;Sophomore
78;Dormitory;Regular;South-West;M;Sophomore
79;Dormitory;Regular;South-West;M;Sophomore
80;Dormitory;Regular;South-West;M;Sophomore
81;Dormitory;Regular;South-West;M;Sophomore
82;Dormitory;Regular;South-West;M;Sophomore
83;Dormitory;Regular;South-West;M;Sophomore
84;Dormitory;Regular;South-West;M;Sophomore
85;Dormitory;Regular;South-West;M;Sophomore
86;Dormitory;Regular;South-West;M;Sophomore
87;Dormitory;Regular;South-West;M;Sophomore
88;Dormitory;Regular;South-West;M;Sophomore
89;Dormitory;Regular;South-West;M;Sophomore
90;Dormitory;Regular;South-West;M;Sophomore
91;On_Campus;No_Regular;South-West;M;Sophomore
92;On_Campus;No_Regular;South-West;M;Sophomore
93;On_Campus;No_Regular;South-West;M;Sophomore
94;On_Campus;No_Regular;South-West;M;Sophomore
95;On_Campus;No_Regular;South-West;M;Sophomore
96;On_Campus;No_Regular;South-West;M;Sophomore
97;On_Campus;No_Regular;South-West;M;Sophomore
98;On_Campus;No_Regular;South-West;M;Sophomore
99;On_Campus;No_Regular;South-West;M;Sophomore
100;On_Campus;No_Regular;South-West;M;Sophomore
101;On_Campus;No_Regular;South-West;M;Sophomore
102;On_Campus;No_Regular;South-West;M;Sophomore
103;On_Campus;No_Regular;South-West;M;Sophomore
104;On_Campus;No_Regular;South-West;M;Sophomore
105;On_Campus;No_Regular;South-West;M;Sophomore
106;On_Campus;No_Regular;South-West;M;Sophomore
107;On_Campus;No_Regular;South-West;M;Sophomore
108;On_Campus;No_Regular;South-West;M;Sophomore
109;On_Campus;No_Regular;South-West;M;Sophomore
110;On_Campus;No_Regular;South-West;M;Sophomore
111;On_Campus;No_Regular;South-West;M;Sophomore
112;On_Campus;No_Regular;South-West;M;Sophomore
113;On_Campus;No_Regular;South-West;M;Sophomore
114;On_Campus;No_Regular;South-West;M;Sophomore
115;On_Campus;No_Regular;South-West;M;Sophomore
116;On_Campus;No_Regular;South-West;M;Sophomore
117;On_Campus;No_Regular;South-West;M;Sophomore
118;On_Campus;No_Regular;South-West;M;Sophomore
119;On_Campus;No_Regular;South-West;M;Sophomore
120;On_Campus;No_Regular;South-West;M;Sophomore
121;On_Campus;No_Regular;South-West;M;Sophomore
122;On_Campus;No_Regular;South-West;M;Sophomore
123;On_Campus;No_Regular;South-West;M;Sophomore
124;On_Campus;No_Regular;South-West;M;Sophomore
125;On_Campus;No_Regular;South-West;M;Sophomore
126;On_Campus;No_Regular;South-West;M;Sophomore
127;On_Campus;No_Regular;South-West;M;Sophomore
128;On_Campus;No_Regular;South-West;M;Sophomore
129;On_Campus;No_Regular;South-West;M;Sophomore
130;On_Campus;No_Regular;South-West;M;Sophomore
131;On_Campus;No_Regular;South-West;M;Sophomore
132;On_Campus;No_Regular;South-West;M;Sophomore
133;On_Campus;No_Regular;South-West;M;Sophomore
134;On_Campus;No_Regular;South-West;M;Sophomore
135;On_Campus;No_Regular;South-West;M;Sophomore
136;On_Campus;No_Regular;South-West;M;Sophomore
137;On_Campus;No_Regular;South-West;M;Sophomore
138;On_Campus;No_Regular;South-West;M;Sophomore
139;On_Campus;No_Regular;South-West;M;Sophomore
140;On_Campus;No_Regular;South-West;M;Sophomore
141;On_Campus;No_Regular;South-West;M;Sophomore
142;On_Campus;No_Regular;South-West;M;Sophomore
143;On_Campus;No_Regular;South-West;M;Sophomore
144;On_Campus;No_Regular;South-West;M;Sophomore
145;On_Campus;No_Regular;South-West;M;Sophomore
146;On_Campus;No_Regular;South-West;M;Sophomore
147;On_Campus;No_Regular;South-West;M;Sophomore
148;On_Campus;No_Regular;South-West;M;Sophomore
149;On_Campus;No_Regular;South-West;M;Sophomore
150;On_Campus;No_Regular;South-West;M;Sophomore
151;On_Campus;No_Regular;South-West;M;Sophomore
152;On_Campus;No_Regular;South-West;M;Sophomore
153;On_Campus;No_Regular;South-West;M;Sophomore
154;On_Campus;No_Regular;South-West;M;Sophomore
155;On_Campus;No_Regular;South-West;M;Junior
156;On_Campus;No_Regular;South-West;M;Junior
157;On_Campus;No_Regular;South-West;M;Junior
158;On_Campus;No_Regular;South-West;M;Junior
159;On_Campus;No_Regular;South-West;M;Junior
160;On_Campus;No_Regular;South-West;M;Junior
161;On_Campus;No_Regular;South-West;M;Junior
162;On_Campus;No_Regular;South-West;M;Junior
163;On_Campus;No_Regular;South-West;M;Junior
164;On_Campus;No_Regular;South-West;M;Junior
165;On_Campus;No_Regular;South-West;M;Junior
166;On_Campus;No_Regular;South-West;M;Junior
167;On_Campus;No_Regular;South-West;M;Junior
168;On_Campus;No_Regular;South-West;M;Junior
169;On_Campus;Sporadic;South-West;M;Junior
170;On_Campus;Sporadic;South-West;M;Junior
171;On_Campus;Sporadic;South-West;M;Junior
172;On_Campus;Sporadic;South-West;M;Junior
173;On_Campus;Sporadic;South-West;M;Junior
174;On_Campus;Sporadic;South-West;M;Junior
175;On_Campus;Sporadic;South-West;M;Junior
176;On_Campus;Sporadic;South-West;M;Junior
177;On_Campus;Sporadic;South-West;M;Junior
178;On_Campus;Sporadic;South-West;M;Junior
179;On_Campus;Sporadic;South-West;M;Junior
180;On_Campus;Sporadic;South-West;M;Junior
181;On_Campus;Sporadic;South-West;M;Junior
182;On_Campus;Sporadic;South-West;M;Junior
183;On_Campus;Sporadic;South-West;M;Junior
184;On_Campus;Sporadic;South-West;M;Junior
185;On_Campus;Sporadic;South-West;M;Freshman
186;On_Campus;Sporadic;South-West;M;Freshman
187;On_Campus;Sporadic;South-West;M;Freshman
188;On_Campus;Sporadic;South-West;M;Freshman
189;On_Campus;Sporadic;South-West;M;Freshman
190;On_Campus;Sporadic;South-West;M;Freshman
191;On_Campus;Sporadic;South-West;M;Freshman
192;On_Campus;Sporadic;South-West;M;Freshman
193;On_Campus;Sporadic;South-West;M;Freshman
194;On_Campus;Sporadic;South-West;M;Freshman
195;On_Campus;Sporadic;South-West;M;Freshman
196;On_Campus;Sporadic;South-West;M;Freshman
197;On_Campus;Sporadic;South-West;M;Freshman
198;On_Campus;Sporadic;South-West;M;Freshman
199;On_Campus;Sporadic;South-West;M;Freshman
200;On_Campus;Sporadic;South-West;M;Freshman
201;On_Campus;Sporadic;South-West;M;Freshman
202;On_Campus;Sporadic;South-West;M;Freshman
203;On_Campus;Sporadic;South-West;M;Freshman
204;On_Campus;Sporadic;South-West;M;Freshman
205;On_Campus;Sporadic;South-West;M;Freshman
206;On_Campus;Sporadic;South-West;M;Freshman
207;On_Campus;Sporadic;South-West;M;Freshman
208;On_Campus;Sporadic;South-West;M;Freshman
209;On_Campus;Sporadic;South-West;M;Freshman
210;On_Campus;Sporadic;South-West;M;Freshman
211;On_Campus;Sporadic;South-West;M;Freshman
212;On_Campus;Sporadic;South-West;M;Freshman
213;On_Campus;Sporadic;East;M;Freshman
214;On_Campus;Sporadic;East;M;Freshman
215;On_Campus;Sporadic;East;M;Freshman
216;On_Campus;Sporadic;East;M;Freshman
217;On_Campus;Sporadic;East;M;Freshman
218;On_Campus;Sporadic;East;M;Freshman
219;On_Campus;Sporadic;East;M;Freshman
220;On_Campus;Sporadic;East;M;Freshman
221;On_Campus;Sporadic;East;F;Freshman
222;On_Campus;Sporadic;East;F;Freshman
223;On_Campus;Sporadic;East;F;Freshman
224;On_Campus;Sporadic;East;F;Senior
225;On_Campus;Sporadic;East;F;Senior
226;On_Campus;Sporadic;East;F;Senior
227;On_Campus;Sporadic;East;F;Senior
228;On_Campus;Sporadic;East;F;Senior
229;On_Campus;Sporadic;East;F;Senior
230;On_Campus;Sporadic;East;F;Senior
231;On_Campus;Sporadic;East;F;Senior
232;On_Campus;Sporadic;East;F;Senior
233;On_Campus;Regular;East;F;Senior
234;On_Campus;Regular;East;F;Senior
235;On_Campus;Regular;East;F;Senior
236;On_Campus;Regular;East;F;Senior
237;On_Campus;Regular;East;F;Senior
238;On_Campus;Regular;East;F;Senior
239;On_Campus;Regular;East;F;Senior
240;On_Campus;Regular;East;F;Senior
241;On_Campus;Regular;East;F;Senior
242;On_Campus;Regular;East;F;Senior
243;On_Campus;Regular;East;F;Senior
244;On_Campus;Regular;East;F;Senior
245;On_Campus;Regular;East;F;Senior
246;On_Campus;Regular;East;F;Senior
247;On_Campus;Regular;East;F;Senior
248;On_Campus;Regular;East;F;Senior
249;On_Campus;Regular;East;F;Senior
250;On_Campus;Regular;East;F;Senior
251;On_Campus;Regular;East;F;Senior
252;On_Campus;Regular;East;F;Senior
253;On_Campus;Regular;East;F;Senior
254;On_Campus;Regular;East;F;Senior
255;On_Campus;Regular;East;F;Senior
256;On_Campus;Regular;East;F;Senior
257;On_Campus;Regular;East;F;Senior
258;On_Campus;Regular;East;F;Senior
259;On_Campus;Regular;East;F;Senior
260;On_Campus;Regular;East;F;Senior
261;On_Campus;Regular;East;F;Senior
262;On_Campus;Regular;East;F;Senior
263;On_Campus;Regular;East;F;Senior
264;On_Campus;Regular;East;F;Senior
265;On_Campus;Regular;East;F;Senior
266;On_Campus;Regular;East;F;Senior
267;On_Campus;Regular;East;F;Senior
268;On_Campus;Regular;East;F;Senior
269;On_Campus;Regular;East;F;Senior
270;On_Campus;Regular;East;F;Senior
271;On_Campus;Regular;East;F;Senior
272;Off_Campus;No_Regular;East;F;Senior
273;Off_Campus;No_Regular;East;F;Senior
274;Off_Campus;No_Regular;East;F;Senior
275;Off_Campus;No_Regular;East;F;Senior
276;Off_Campus;No_Regular;East;F;Senior
277;Off_Campus;No_Regular;East;F;Senior
278;Off_Campus;No_Regular;East;F;Senior
279;Off_Campus;No_Regular;East;F;Senior
280;Off_Campus;No_Regular;East;F;Senior
281;Off_Campus;No_Regular;East;F;Senior
282;Off_Campus;No_Regular;East;F;Sophomore
283;Off_Campus;No_Regular;East;F;Sophomore
284;Off_Campus;No_Regular;East;F;Sophomore
285;Off_Campus;No_Regular;East;F;Sophomore
286;Off_Campus;No_Regular;East;F;Sophomore
287;Off_Campus;No_Regular;East;F;Sophomore
288;Off_Campus;No_Regular;East;F;Sophomore
289;Off_Campus;No_Regular;East;F;Sophomore
290;Off_Campus;No_Regular;East;F;Sophomore
291;Off_Campus;No_Regular;East;F;Sophomore
292;Off_Campus;No_Regular;East;F;Sophomore
293;Off_Campus;No_Regular;East;F;Sophomore
294;Off_Campus;No_Regular;East;F;Sophomore
295;Off_Campus;No_Regular;East;F;Sophomore
296;Off_Campus;No_Regular;East;F;Sophomore
297;Off_Campus;No_Regular;East;F;Sophomore
298;Off_Campus;No_Regular;East;F;Sophomore
299;Off_Campus;No_Regular;East;F;Sophomore
300;Off_Campus;No_Regular;East;F;Sophomore
301;Off_Campus;No_Regular;East;F;Sophomore
302;Off_Campus;No_Regular;East;F;Sophomore
303;Off_Campus;No_Regular;East;F;Sophomore
304;Off_Campus;No_Regular;East;F;Sophomore
305;Off_Campus;No_Regular;East;F;Sophomore
306;Off_Campus;No_Regular;East;F;Sophomore
307;Off_Campus;No_Regular;East;F;Sophomore
308;Off_Campus;No_Regular;East;F;Sophomore
309;Off_Campus;No_Regular;East;F;Sophomore
310;Off_Campus;No_Regular;East;F;Sophomore
311;Off_Campus;No_Regular;East;F;Sophomore
312;Off_Campus;No_Regular;East;F;Sophomore
313;Off_Campus;No_Regular;East;F;Sophomore
314;Off_Campus;No_Regular;East;F;Sophomore
315;Off_Campus;No_Regular;East;F;Sophomore
316;Off_Campus;No_Regular;East;F;Sophomore
317;Off_Campus;No_Regular;East;F;Sophomore
318;Off_Campus;No_Regular;East;F;Sophomore
319;Off_Campus;No_Regular;East;F;Sophomore
320;Off_Campus;No_Regular;East;F;Sophomore
321;Off_Campus;No_Regular;East;F;Sophomore
322;Off_Campus;No_Regular;East;F;Sophomore
323;Off_Campus;No_Regular;East;F;Sophomore
324;Off_Campus;No_Regular;East;F;Sophomore
325;Off_Campus;No_Regular;East;F;Sophomore
326;Off_Campus;No_Regular;East;F;Sophomore
327;Off_Campus;No_Regular;East;F;Sophomore
328;Off_Campus;No_Regular;East;F;Sophomore
329;Off_Campus;No_Regular;East;F;Sophomore
330;Off_Campus;No_Regular;East;F;Sophomore
331;Off_Campus;No_Regular;East;F;Sophomore
332;Off_Campus;No_Regular;East;F;Sophomore
333;Off_Campus;No_Regular;East;F;Sophomore
334;Off_Campus;No_Regular;East;F;Sophomore
335;Off_Campus;No_Regular;East;F;Sophomore
336;Off_Campus;No_Regular;East;F;Sophomore
337;Off_Campus;No_Regular;East;F;Sophomore
338;Off_Campus;No_Regular;East;F;Sophomore
339;Off_Campus;No_Regular;East;F;Sophomore
340;Off_Campus;No_Regular;East;F;Sophomore
341;Off_Campus;No_Regular;East;F;Sophomore
342;Off_Campus;No_Regular;East;F;Sophomore
343;Off_Campus;No_Regular;East;F;Sophomore
344;Off_Campus;No_Regular;East;F;Sophomore
345;Off_Campus;No_Regular;North-West;F;Sophomore
346;Off_Campus;No_Regular;North-West;F;Sophomore
347;Off_Campus;No_Regular;North-West;F;Sophomore
348;Off_Campus;No_Regular;North-West;F;Sophomore
349;Off_Campus;No_Regular;North-West;F;Sophomore
350;Off_Campus;No_Regular;North-West;F;Sophomore
351;Off_Campus;No_Regular;North-West;F;Sophomore
352;Off_Campus;No_Regular;North-West;F;Sophomore
353;Off_Campus;No_Regular;North-West;F;Sophomore
354;Off_Campus;No_Regular;North-West;F;Sophomore
355;Off_Campus;No_Regular;North-West;F;Sophomore
356;Off_Campus;No_Regular;North-West;F;Sophomore
357;Off_Campus;No_Regular;North-West;F;Sophomore
358;Off_Campus;No_Regular;North-West;F;Sophomore
359;Off_Campus;No_Regular;North-West;F;Sophomore
360;Off_Campus;No_Regular;North-West;F;Sophomore
361;Off_Campus;No_Regular;North-West;F;Sophomore
362;Off_Campus;No_Regular;North-West;F;Sophomore
363;Off_Campus;No_Regular;North-West;F;Sophomore
364;Off_Campus;No_Regular;North-West;F;Sophomore
365;Off_Campus;No_Regular;North-West;F;Sophomore
366;Off_Campus;No_Regular;North-West;F;Sophomore
367;Off_Campus;No_Regular;North-West;F;Sophomore
368;Off_Campus;No_Regular;North-West;F;Sophomore
369;Off_Campus;No_Regular;North-West;F;Sophomore
370;Off_Campus;No_Regular;North-West;F;Sophomore
371;Off_Campus;No_Regular;North-West;F;Sophomore
372;Off_Campus;No_Regular;North-West;F;Sophomore
373;Off_Campus;No_Regular;North-West;F;Sophomore
374;Off_Campus;No_Regular;North-West;F;Sophomore
375;Off_Campus;No_Regular;North-West;F;Sophomore
376;Off_Campus;No_Regular;North-West;F;Sophomore
377;Off_Campus;No_Regular;North-West;F;Sophomore
378;Off_Campus;No_Regular;North-West;F;Sophomore
379;Off_Campus;No_Regular;North-West;F;Sophomore
380;Off_Campus;No_Regular;North-West;F;Sophomore
381;Off_Campus;No_Regular;North-West;F;Sophomore
382;Off_Campus;No_Regular;North-West;F;Sophomore
383;Off_Campus;Sporadic;North-West;F;Sophomore
384;Off_Campus;Sporadic;North-West;F;Sophomore
385;Off_Campus;Sporadic;North-West;F;Sophomore
386;Off_Campus;Sporadic;North-West;F;Sophomore
387;Off_Campus;Sporadic;North-West;F;Sophomore
388;Off_Campus;Sporadic;North-West;F;Sophomore
389;Off_Campus;Sporadic;North-West;F;Sophomore
390;Off_Campus;Sporadic;North-West;F;Sophomore
391;Off_Campus;Sporadic;North-West;F;Sophomore
392;Off_Campus;Sporadic;North-West;F;Sophomore
393;Off_Campus;Sporadic;North-West;F;Junior
394;Off_Campus;Sporadic;North-West;F;Junior
395;Off_Campus;Sporadic;North-West;F;Junior
396;Off_Campus;Sporadic;North-West;F;Junior
397;Off_Campus;Sporadic;North-West;F;Junior
398;Off_Campus;Sporadic;North-West;F;Junior
399;Off_Campus;Sporadic;North-West;F;Junior
400;Off_Campus;Sporadic;North-West;F;Junior
401;Off_Campus;Sporadic;North-West;F;Junior
402;Off_Campus;Sporadic;North-West;F;Junior
403;Off_Campus;Sporadic;North-West;F;Junior
404;Off_Campus;Sporadic;North-West;F;Junior
405;Off_Campus;Sporadic;North-West;F;Junior
406;Off_Campus;Sporadic;North-West;F;Junior
407;Off_Campus;Sporadic;North-West;F;Junior
408;Off_Campus;Sporadic;North-West;M;Junior
409;Off_Campus;Regular;North-West;M;Junior
410;Off_Campus;Regular;North-West;M;Junior
411;Off_Campus;Regular;North-West;M;Junior
412;Off_Campus;Regular;North-West;M;Junior
413;Off_Campus;Regular;North-West;M;Junior
414;Off_Campus;Regular;North-West;M;Junior
415;Off_Campus;Regular;North-West;M;Junior
416;Off_Campus;Regular;North-West;M;Junior
417;Off_Campus;Regular;North-West;M;Junior
418;Off_Campus;Regular;North-West;M;Junior
419;Off_Campus;Regular;North-West;M;Junior
420;Off_Campus;Regular;North-West;M;Junior
421;Off_Campus;Regular;North-West;M;Junior
422;Home;No_Regular;North-West;M;Junior
423;Home;No_Regular;North-West;M;Junior
424;Home;No_Regular;North-West;M;Junior
425;Home;No_Regular;North-West;M;Junior
426;Home;No_Regular;North-West;M;Junior
427;Home;No_Regular;North-West;M;Junior
428;Home;No_Regular;North-West;M;Junior
429;Home;No_Regular;North-West;M;Junior
430;Home;No_Regular;North-West;M;Junior
431;Home;No_Regular;North-West;M;Junior
432;Home;No_Regular;North-West;M;Junior
433;Home;No_Regular;North-West;M;Junior
434;Home;No_Regular;North-West;M;Junior
435;Home;No_Regular;North-West;M;Junior
436;Home;No_Regular;North-West;M;Junior
437;Home;No_Regular;North-West;M;Junior
438;Home;No_Regular;North-West;M;Junior
439;Home;No_Regular;North-West;M;Junior
440;Home;No_Regular;North-West;M;Junior
441;Home;No_Regular;North-West;M;Junior
442;Home;No_Regular;North-West;M;Junior
443;Home;No_Regular;North-West;M;Junior
444;Home;No_Regular;North-West;M;Junior
445;Home;No_Regular;South;M;Junior
446;Home;No_Regular;South;M;Junior
447;Home;No_Regular;South;M;Junior
448;Home;No_Regular;South;M;Junior
449;Home;No_Regular;South;M;Junior
450;Home;No_Regular;South;M;Senior
451;Home;No_Regular;South;M;Senior
452;Home;No_Regular;South;M;Senior
453;Home;No_Regular;South;M;Senior
454;Home;No_Regular;South;M;Senior
455;Home;No_Regular;South;M;Senior
456;Home;No_Regular;South;M;Senior
457;Home;No_Regular;South;M;Senior
458;Home;No_Regular;South;M;Senior
459;Home;No_Regular;South;M;Senior
460;Home;No_Regular;South;M;Senior
461;Home;No_Regular;South;M;Senior
462;Home;Sporadic;South;M;Senior
463;Home;Sporadic;South;M;Senior
464;Home;Sporadic;South;M;Senior
465;Home;Sporadic;South;M;Senior
466;Home;Sporadic;South;M;Senior
467;Home;Sporadic;South;M;Senior
468;Home;Regular;South;M;Senior
469;Home;Regular;South;M;Senior
470;Home;Regular;South;M;Senior